Date,usd_thb_open,usd_thb_high,usd_thb_low,usd_thb_close
2023-01-02,34.44300079345703,34.630001068115234,34.21500015258789,34.44300079345703
2023-01-03,34.4900016784668,34.4900016784668,34.27000045776367,34.4900016784668
2023-01-04,34.380001068115234,34.41999816894531,33.83599853515625,34.380001068115234
2023-01-05,33.88800048828125,34.15999984741211,33.768001556396484,33.88800048828125
2023-01-06,34.040000915527344,34.071998596191406,33.650001525878906,34.040000915527344
2023-01-09,33.62799835205078,33.70000076293945,33.36399841308594,33.62799835205078
2023-01-10,33.41699981689453,33.59600067138672,33.31399917602539,33.41699981689453
2023-01-11,33.45000076293945,33.599998474121094,33.2599983215332,33.45000076293945
2023-01-12,33.36199951171875,33.46099853515625,33.112998962402344,33.36199951171875
2023-01-13,33.10200119018555,33.189998626708984,32.90999984741211,33.10200119018555
2023-01-16,32.875999450683594,33.09000015258789,32.70100021362305,32.875999450683594
2023-01-17,33.02000045776367,33.16999816894531,32.939998626708984,33.02000045776367
2023-01-18,33.0,33.15999984741211,32.75600051879883,33.0
2023-01-19,33.0,33.15999984741211,32.94599914550781,33.0
2023-01-20,32.880001068115234,32.92599868774414,32.70000076293945,32.880001068115234
2023-01-23,32.7130012512207,32.849998474121094,32.560001373291016,32.7130012512207
2023-01-24,32.709999084472656,32.880001068115234,32.689998626708984,32.709999084472656
2023-01-25,32.77000045776367,32.880001068115234,32.69300079345703,32.77000045776367
2023-01-26,32.73099899291992,32.849998474121094,32.59400177001953,32.73099899291992
2023-01-27,32.779998779296875,32.941001892089844,32.7599983215332,32.779998779296875
2023-01-30,32.76499938964844,32.790000915527344,32.65399932861328,32.76499938964844
2023-01-31,32.7599983215332,33.071998596191406,32.72800064086914,32.7599983215332
2023-02-01,32.8650016784668,32.95000076293945,32.779998779296875,32.8650016784668
2023-02-02,32.72200012207031,32.99100112915039,32.650001525878906,32.72200012207031
2023-02-03,33.04999923706055,33.400001525878906,32.90999984741211,33.04999923706055
2023-02-06,33.53099822998047,33.80099868774414,33.42399978637695,33.53099822998047
2023-02-07,33.75,33.75699996948242,33.547000885009766,33.75
2023-02-08,33.50600051879883,33.612998962402344,33.400001525878906,33.50600051879883
2023-02-09,33.48500061035156,33.58000183105469,33.349998474121094,33.48500061035156
2023-02-10,33.560001373291016,33.810001373291016,33.547000885009766,33.560001373291016
2023-02-13,33.327999114990234,33.90999984741211,33.327999114990234,33.327999114990234
2023-02-14,33.790000915527344,33.93299865722656,33.685001373291016,33.790000915527344
2023-02-15,33.849998474121094,34.470001220703125,33.84000015258789,33.849998474121094
2023-02-16,34.25899887084961,34.48500061035156,34.10599899291992,34.25899887084961
2023-02-17,34.400001525878906,34.630001068115234,34.380001068115234,34.400001525878906
2023-02-20,34.41699981689453,34.4900016784668,34.29100036621094,34.41699981689453
2023-02-21,34.38600158691406,34.68299865722656,34.34400177001953,34.38600158691406
2023-02-22,34.650001525878906,34.69499969482422,34.518001556396484,34.650001525878906
2023-02-23,34.650001525878906,34.7400016784668,34.470001220703125,34.650001525878906
2023-02-24,34.71200180053711,34.9900016784668,34.61800003051758,34.71200180053711
2023-02-27,34.93899917602539,35.15700149536133,34.909000396728516,34.93899917602539
2023-02-28,34.9900016784668,35.374000549316406,34.939998626708984,34.9900016784668
2023-03-01,35.21099853515625,35.349998474121094,34.606998443603516,35.21099853515625
2023-03-02,34.6879997253418,34.95100021362305,34.66600036621094,34.6879997253418
2023-03-03,34.81999969482422,34.84000015258789,34.560001373291016,34.81999969482422
2023-03-06,34.53300094604492,34.64400100708008,34.380001068115234,34.53300094604492
2023-03-07,34.43299865722656,35.060001373291016,34.43000030517578,34.43299865722656
2023-03-08,35.05400085449219,35.18299865722656,34.89400100708008,35.05400085449219
2023-03-09,35.042999267578125,35.1349983215332,34.90999984741211,35.042999267578125
2023-03-10,35.0,35.138999938964844,34.54899978637695,35.0
2023-03-13,34.584999084472656,34.72999954223633,34.41699981689453,34.584999084472656
2023-03-14,34.52000045776367,34.630001068115234,34.422000885009766,34.52000045776367
2023-03-15,34.54199981689453,34.75,34.457000732421875,34.54199981689453
2023-03-16,34.560001373291016,34.619998931884766,34.319000244140625,34.560001373291016
2023-03-17,34.43000030517578,34.43000030517578,34.00199890136719,34.43000030517578
2023-03-20,34.05799865722656,34.16600036621094,33.97999954223633,34.05799865722656
2023-03-21,34.0359992980957,34.43899917602539,34.00400161743164,34.0359992980957
2023-03-22,34.41299819946289,34.54999923706055,34.34299850463867,34.41299819946289
2023-03-23,34.209999084472656,34.220001220703125,33.9900016784668,34.209999084472656
2023-03-24,34.029998779296875,34.279998779296875,34.027000427246094,34.029998779296875
2023-03-27,34.189998626708984,34.470001220703125,34.150001525878906,34.189998626708984
2023-03-28,34.40999984741211,34.41999816894531,34.198001861572266,34.40999984741211
2023-03-29,34.22999954223633,34.34600067138672,34.11399841308594,34.22999954223633
2023-03-30,34.16999816894531,34.34000015258789,34.13999938964844,34.16999816894531
2023-03-31,34.1150016784668,34.20000076293945,34.013999938964844,34.1150016784668
2023-04-03,34.279998779296875,34.4640007019043,34.159000396728516,34.279998779296875
2023-04-04,34.20000076293945,34.303001403808594,34.02000045776367,34.20000076293945
2023-04-05,34.0099983215332,34.03200149536133,33.77399826049805,34.0099983215332
2023-04-06,33.939998626708984,34.15999984741211,33.93000030517578,33.939998626708984
2023-04-07,34.119998931884766,34.18000030517578,34.029998779296875,34.119998931884766
2023-04-10,34.16999816894531,34.40999984741211,34.167999267578125,34.16999816894531
2023-04-11,34.36000061035156,34.38800048828125,34.189998626708984,34.36000061035156
2023-04-12,34.27000045776367,34.279998779296875,34.10200119018555,34.27000045776367
2023-04-13,34.12200164794922,34.17399978637695,33.97800064086914,34.12200164794922
2023-04-14,34.000999450683594,34.400001525878906,33.939998626708984,34.000999450683594
2023-04-17,34.34000015258789,34.50299835205078,34.2400016784668,34.34000015258789
2023-04-18,34.48500061035156,34.5,34.20500183105469,34.48500061035156
2023-04-19,34.279998779296875,34.50199890136719,34.220001220703125,34.279998779296875
2023-04-20,34.42100143432617,34.5,34.255001068115234,34.42100143432617
2023-04-21,34.29999923706055,34.459999084472656,34.27000045776367,34.29999923706055
2023-04-24,34.34700012207031,34.52000045776367,34.349998474121094,34.34700012207031
2023-04-25,34.290000915527344,34.45000076293945,34.22800064086914,34.290000915527344
2023-04-26,34.310001373291016,34.369998931884766,34.04800033569336,34.310001373291016
2023-04-27,34.130001068115234,34.209999084472656,34.029998779296875,34.130001068115234
2023-04-28,34.08599853515625,34.20000076293945,34.02299880981445,34.08599853515625
2023-05-01,34.130001068115234,34.2599983215332,34.0890007019043,34.130001068115234
2023-05-02,34.194000244140625,34.2400016784668,34.05799865722656,34.194000244140625
2023-05-03,34.06999969482422,34.08399963378906,33.93000030517578,34.06999969482422
2023-05-04,33.849998474121094,33.869998931884766,33.7400016784668,33.849998474121094
2023-05-05,33.779998779296875,33.92300033569336,33.630001068115234,33.779998779296875
2023-05-08,33.86000061035156,34.01100158691406,33.779998779296875,33.86000061035156
2023-05-09,33.810001373291016,33.880001068115234,33.630001068115234,33.810001373291016
2023-05-10,33.66999816894531,33.731998443603516,33.486000061035156,33.66999816894531
2023-05-11,33.630001068115234,33.83000183105469,33.560001373291016,33.630001068115234
2023-05-12,33.78200149536133,34.0,33.80400085449219,33.78200149536133
2023-05-15,33.880001068115234,33.90999984741211,33.64899826049805,33.880001068115234
2023-05-16,33.7599983215332,34.04999923706055,33.689998626708984,33.7599983215332
2023-05-17,34.07899856567383,34.34000015258789,34.06999969482422,34.07899856567383
2023-05-18,34.25,34.459999084472656,34.099998474121094,34.25
2023-05-19,34.40999984741211,34.513999938964844,34.29600143432617,34.40999984741211
2023-05-22,34.27799987792969,34.52000045776367,34.2400016784668,34.27799987792969
2023-05-23,34.459999084472656,34.7400016784668,34.41999816894531,34.459999084472656
2023-05-24,34.61000061035156,34.65999984741211,34.42100143432617,34.61000061035156
2023-05-25,34.65599822998047,34.7599983215332,34.560001373291016,34.65599822998047
2023-05-26,34.729000091552734,34.779998779296875,34.58000183105469,34.729000091552734
2023-05-29,34.72999954223633,34.88199996948242,34.65999984741211,34.72999954223633
2023-05-30,34.709999084472656,34.88100051879883,34.599998474121094,34.709999084472656
2023-05-31,34.70000076293945,34.810001373291016,34.61000061035156,34.70000076293945
2023-06-01,34.630001068115234,34.8849983215332,34.55500030517578,34.630001068115234
2023-06-02,34.58000183105469,34.75,34.47999954223633,34.58000183105469
2023-06-05,34.84000015258789,34.90999984741211,34.715999603271484,34.84000015258789
2023-06-06,34.7599983215332,34.849998474121094,34.70000076293945,34.7599983215332
2023-06-07,34.733001708984375,34.810001373291016,34.67300033569336,34.733001708984375
2023-06-08,34.803001403808594,34.9109992980957,34.61899948120117,34.803001403808594
2023-06-09,34.60300064086914,34.65999984741211,34.54100036621094,34.60300064086914
2023-06-12,34.59000015258789,34.72999954223633,34.529998779296875,34.59000015258789
2023-06-13,34.61000061035156,34.70100021362305,34.44300079345703,34.61000061035156
2023-06-14,34.66999816894531,34.709999084472656,34.577999114990234,34.66999816894531
2023-06-15,34.63800048828125,34.869998931884766,34.58399963378906,34.63800048828125
2023-06-16,34.58000183105469,34.709999084472656,34.54600143432617,34.58000183105469
2023-06-19,34.68000030517578,34.790000915527344,34.66999816894531,34.68000030517578
2023-06-20,34.73699951171875,34.86000061035156,34.65999984741211,34.73699951171875
2023-06-21,34.81800079345703,34.900001525878906,34.79999923706055,34.81800079345703
2023-06-22,34.770999908447266,35.119998931884766,34.77000045776367,34.770999908447266
2023-06-23,35.10499954223633,35.27299880981445,35.069000244140625,35.10499954223633
2023-06-26,35.20000076293945,35.270999908447266,35.130001068115234,35.20000076293945
2023-06-27,35.220001220703125,35.279998779296875,35.13999938964844,35.220001220703125
2023-06-28,35.27000045776367,35.63999938964844,35.25,35.27000045776367
2023-06-29,35.59000015258789,35.72100067138672,35.54899978637695,35.59000015258789
2023-06-30,35.619998931884766,35.694000244140625,35.231998443603516,35.619998931884766
2023-07-03,35.29999923706055,35.310001373291016,34.939998626708984,35.29999923706055
2023-07-04,35.029998779296875,35.099998474121094,34.8129997253418,35.029998779296875
2023-07-05,34.8489990234375,34.97999954223633,34.810001373291016,34.8489990234375
2023-07-06,34.9640007019043,35.2400016784668,34.95000076293945,34.9640007019043
2023-07-07,35.18000030517578,35.290000915527344,35.00299835205078,35.18000030517578
2023-07-10,35.130001068115234,35.22200012207031,35.04999923706055,35.130001068115234
2023-07-11,35.040000915527344,35.06999969482422,34.71799850463867,35.040000915527344
2023-07-12,34.75,35.040000915527344,34.625,34.75
2023-07-13,34.64400100708008,34.6870002746582,34.47999954223633,34.64400100708008
2023-07-14,34.54999923706055,34.70899963378906,34.52299880981445,34.54999923706055
2023-07-17,34.630001068115234,34.71699905395508,34.54999923706055,34.630001068115234
2023-07-18,34.59000015258789,34.599998474121094,33.9370002746582,34.59000015258789
2023-07-19,34.04999923706055,34.18000030517578,33.92300033569336,34.04999923706055
2023-07-20,33.99399948120117,34.2400016784668,33.755001068115234,33.99399948120117
2023-07-21,34.189998626708984,34.46799850463867,34.18000030517578,34.189998626708984
2023-07-24,34.400001525878906,34.55699920654297,34.349998474121094,34.400001525878906
2023-07-25,34.54999923706055,34.599998474121094,34.380001068115234,34.54999923706055
2023-07-26,34.38800048828125,34.540000915527344,34.20000076293945,34.38800048828125
2023-07-27,34.2239990234375,34.47999954223633,33.99300003051758,34.2239990234375
2023-07-28,34.45399856567383,34.560001373291016,34.209999084472656,34.45399856567383
2023-07-31,34.2599983215332,34.30099868774414,34.08100128173828,34.2400016784668
2023-08-01,34.236000061035156,34.41400146484375,34.130001068115234,34.236000061035156
2023-08-02,34.290000915527344,34.520999908447266,34.220001220703125,34.290000915527344
2023-08-03,34.45000076293945,34.691001892089844,34.387001037597656,34.45000076293945
2023-08-04,34.560001373291016,34.801998138427734,34.5369987487793,34.560001373291016
2023-08-07,34.630001068115234,34.87799835205078,34.60599899291992,34.630001068115234
2023-08-08,34.81999969482422,35.060001373291016,34.810001373291016,34.81999969482422
2023-08-09,35.0,35.06999969482422,34.84600067138672,35.0
2023-08-10,35.05500030517578,35.152000427246094,34.85900115966797,35.05500030517578
2023-08-11,35.119998931884766,35.18000030517578,34.99700164794922,35.119998931884766
2023-08-14,35.084999084472656,35.33000183105469,35.0880012512207,35.084999084472656
2023-08-15,35.22999954223633,35.43600082397461,35.196998596191406,35.22999954223633
2023-08-16,35.40999984741211,35.486000061035156,35.2859992980957,35.40999984741211
2023-08-17,35.46900177001953,35.59400177001953,35.33599853515625,35.46900177001953
2023-08-18,35.46900177001953,35.5,35.32699966430664,35.46900177001953
2023-08-21,35.369998931884766,35.369998931884766,35.099998474121094,35.369998931884766
2023-08-22,35.189998626708984,35.18000030517578,34.90999984741211,35.189998626708984
2023-08-23,35.02000045776367,35.119998931884766,34.85200119018555,35.02000045776367
2023-08-24,34.90299987792969,35.040000915527344,34.810001373291016,34.90299987792969
2023-08-25,34.9900016784668,35.18000030517578,34.97999954223633,34.9900016784668
2023-08-28,35.06700134277344,35.290000915527344,35.06399917602539,35.06700134277344
2023-08-29,35.22999954223633,35.2599983215332,34.9900016784668,35.22999954223633
2023-08-30,35.0,35.130001068115234,34.92399978637695,35.0
2023-08-31,34.994998931884766,35.02899932861328,34.869998931884766,34.994998931884766
2023-09-01,35.00199890136719,35.14099884033203,34.85200119018555,35.00199890136719
2023-09-04,35.099998474121094,35.27000045776367,35.04499816894531,35.099998474121094
2023-09-05,35.26100158691406,35.4900016784668,35.23899841308594,35.26100158691406
2023-09-06,35.44499969482422,35.599998474121094,35.40999984741211,35.44499969482422
2023-09-07,35.55099868774414,35.6510009765625,35.52000045776367,35.55099868774414
2023-09-08,35.63199996948242,35.63399887084961,35.45500183105469,35.63199996948242
2023-09-11,35.5,35.59000015258789,35.40999984741211,35.5
2023-09-12,35.5,35.72700119018555,35.5099983215332,35.5
2023-09-13,35.59000015258789,35.779998779296875,35.56999969482422,35.59000015258789
2023-09-14,35.7400016784668,35.81700134277344,35.630001068115234,35.7400016784668
2023-09-15,35.779998779296875,35.83300018310547,35.65800094604492,35.779998779296875
2023-09-18,35.709999084472656,35.7599983215332,35.619998931884766,35.709999084472656
2023-09-19,35.665000915527344,36.0099983215332,35.63999938964844,35.665000915527344
2023-09-20,36.00899887084961,36.303001403808594,35.9109992980957,36.00899887084961
2023-09-21,36.22999954223633,36.30799865722656,36.06700134277344,36.22999954223633
2023-09-22,36.119998931884766,36.2400016784668,35.88999938964844,36.119998931884766
2023-09-25,35.970001220703125,36.150001525878906,35.88999938964844,35.970001220703125
2023-09-26,36.14400100708008,36.4900016784668,36.12799835205078,36.14400100708008
2023-09-27,36.39699935913086,36.643001556396484,36.38999938964844,36.39699935913086
2023-09-28,36.66999816894531,36.82099914550781,36.55400085449219,36.66999816894531
2023-09-29,36.566001892089844,36.63999938964844,36.34700012207031,36.566001892089844
2023-10-02,36.67399978637695,36.981998443603516,36.67100143432617,36.67399978637695
2023-10-03,37.02399826049805,37.152000427246094,36.93299865722656,37.02399826049805
2023-10-04,37.09000015258789,37.22999954223633,36.900001525878906,37.09000015258789
2023-10-05,36.91600036621094,37.07099914550781,36.779998779296875,36.91600036621094
2023-10-06,36.935001373291016,37.18199920654297,36.832000732421875,36.935001373291016
2023-10-09,36.939998626708984,37.12200164794922,36.92900085449219,36.939998626708984
2023-10-10,36.90999984741211,36.939998626708984,36.569000244140625,36.90999984741211
2023-10-11,36.5629997253418,36.553001403808594,36.310001373291016,36.5629997253418
2023-10-12,36.41999816894531,36.41999816894531,36.06399917602539,36.41999816894531
2023-10-13,36.39899826049805,36.54399871826172,36.141998291015625,36.39899826049805
2023-10-16,36.185001373291016,36.38800048828125,36.16299819946289,36.185001373291016
2023-10-17,36.29399871826172,36.4739990234375,36.24100112915039,36.29399871826172
2023-10-18,36.36000061035156,36.41899871826172,36.222999572753906,36.36000061035156
2023-10-19,36.32899856567383,36.50199890136719,36.32400131225586,36.32899856567383
2023-10-20,36.354000091552734,36.560001373291016,36.3489990234375,36.354000091552734
2023-10-23,36.529998779296875,36.624000549316406,36.31999969482422,36.529998779296875
2023-10-24,36.28900146484375,36.30099868774414,36.08000183105469,36.28900146484375
2023-10-25,36.15999984741211,36.21200180053711,36.055999755859375,36.15999984741211
2023-10-26,36.220001220703125,36.38399887084961,36.20600128173828,36.220001220703125
2023-10-27,36.220001220703125,36.27000045776367,36.14799880981445,36.220001220703125
2023-10-30,36.097999572753906,36.15999984741211,35.84000015258789,36.097999572753906
2023-10-31,35.90999984741211,36.130001068115234,35.845001220703125,35.90999984741211
2023-11-01,36.099998474121094,36.33000183105469,36.09299850463867,36.099998474121094
2023-11-02,36.01300048828125,36.040000915527344,35.827999114990234,36.01300048828125
2023-11-03,35.95899963378906,36.01499938964844,35.45500183105469,35.95899963378906
2023-11-06,35.518001556396484,35.56700134277344,35.369998931884766,35.518001556396484
2023-11-07,35.4900016784668,35.650001525878906,35.43000030517578,35.4900016784668
2023-11-08,35.49700164794922,35.619998931884766,35.4379997253418,35.49700164794922
2023-11-09,35.529998779296875,35.619998931884766,35.38999938964844,35.529998779296875
2023-11-10,35.76499938964844,36.029998779296875,35.72999954223633,35.76499938964844
2023-11-13,36.077999114990234,36.150001525878906,35.90999984741211,36.077999114990234
2023-11-14,35.9900016784668,36.125999450683594,35.54999923706055,35.9900016784668
2023-11-15,35.49700164794922,35.6609992980957,35.41899871826172,35.49700164794922
2023-11-16,35.500999450683594,35.707000732421875,35.12099838256836,35.500999450683594
2023-11-17,35.19499969482422,35.27000045776367,34.9900016784668,35.19499969482422
2023-11-20,35.10499954223633,35.270999908447266,35.0099983215332,35.10499954223633
2023-11-21,35.15299987792969,35.22700119018555,35.0099983215332,35.15299987792969
2023-11-22,35.11800003051758,35.29999923706055,35.084999084472656,35.11800003051758
2023-11-23,35.237998962402344,35.29999923706055,35.189998626708984,35.237998962402344
2023-11-24,35.27399826049805,35.5099983215332,35.27000045776367,35.27399826049805
2023-11-27,35.37300109863281,35.391998291015625,35.040000915527344,35.37300109863281
2023-11-28,34.99399948120117,35.02000045776367,34.70000076293945,34.99399948120117
2023-11-29,34.65999984741211,34.90999984741211,34.560001373291016,34.65999984741211
2023-11-30,34.801998138427734,35.37200164794922,34.7859992980957,34.801998138427734
2023-12-01,35.25699996948242,35.32600021362305,34.89899826049805,35.25699996948242
2023-12-04,34.733001708984375,35.270999908447266,34.66999816894531,34.733001708984375
2023-12-05,35.21500015258789,35.33000183105469,35.09299850463867,35.21500015258789
2023-12-06,35.2400016784668,35.2599983215332,35.00899887084961,35.2400016784668
2023-12-07,35.196998596191406,35.39099884033203,35.09299850463867,35.196998596191406
2023-12-08,35.11000061035156,35.52000045776367,35.03499984741211,35.11000061035156
2023-12-11,35.46200180053711,35.779998779296875,35.400001525878906,35.46200180053711
2023-12-12,35.68000030517578,35.76300048828125,35.47600173950195,35.68000030517578
2023-12-13,35.650001525878906,35.82899856567383,35.59199905395508,35.650001525878906
2023-12-14,35.08700180053711,35.2130012512207,34.77000045776367,35.08700180053711
2023-12-15,34.880001068115234,34.98099899291992,34.744998931884766,34.880001068115234
2023-12-18,34.95199966430664,35.029998779296875,34.88999938964844,34.95199966430664
2023-12-19,34.939998626708984,35.01599884033203,34.75899887084961,34.939998626708984
2023-12-20,34.83000183105469,34.96699905395508,34.827999114990234,34.83000183105469
2023-12-21,34.952999114990234,35.0,34.75,34.952999114990234
2023-12-22,34.685001373291016,34.75,34.43899917602539,34.685001373291016
2023-12-25,34.39400100708008,34.65299987792969,34.2869987487793,34.39400100708008
2023-12-26,34.507999420166016,34.66999816894531,34.5099983215332,34.507999420166016
2023-12-27,34.47100067138672,34.58000183105469,34.2599983215332,34.47100067138672
2023-12-28,34.19499969482422,34.290000915527344,34.082000732421875,34.19499969482422
2023-12-29,34.290000915527344,34.4370002746582,34.130001068115234,34.290000915527344
2024-01-01,34.41999816894531,34.41999816894531,34.36000061035156,34.41999816894531
2024-01-02,34.32600021362305,34.369998931884766,34.099998474121094,34.32600021362305
2024-01-03,34.209999084472656,34.540000915527344,34.180999755859375,34.209999084472656
2024-01-04,34.439998626708984,34.61000061035156,34.402000427246094,34.439998626708984
2024-01-05,34.48899841308594,34.91299819946289,34.43899917602539,34.48899841308594
2024-01-08,34.637001037597656,35.08700180053711,34.56999969482422,34.637001037597656
2024-01-09,34.939998626708984,34.99800109863281,34.79199981689453,34.939998626708984
2024-01-10,34.91400146484375,35.20000076293945,34.89799880981445,34.91400146484375
2024-01-11,35.01300048828125,35.220001220703125,34.91299819946289,35.01300048828125
2024-01-12,34.98699951171875,35.125999450683594,34.84600067138672,34.98699951171875
2024-01-15,34.946998596191406,35.0099983215332,34.90999984741211,34.946998596191406
2024-01-16,34.959999084472656,35.40999984741211,34.959999084472656,34.959999084472656
2024-01-17,35.38600158691406,35.68600082397461,35.38999938964844,35.38600158691406
2024-01-18,35.57500076293945,35.672000885009766,35.43199920654297,35.57500076293945
2024-01-19,35.529998779296875,35.61000061035156,35.41400146484375,35.529998779296875
2024-01-22,35.529998779296875,35.68000030517578,35.43000030517578,35.529998779296875
2024-01-23,35.57899856567383,35.75,35.49700164794922,35.57899856567383
2024-01-24,35.643001556396484,35.87900161743164,35.54999923706055,35.643001556396484
2024-01-25,35.709999084472656,35.79499816894531,35.63999938964844,35.709999084472656
2024-01-26,35.72999954223633,35.763999938964844,35.50400161743164,35.72999954223633
2024-01-29,35.60300064086914,35.65999984741211,35.430999755859375,35.60300064086914
2024-01-30,35.43000030517578,35.430999755859375,35.25600051879883,35.43000030517578
2024-01-31,35.35100173950195,35.52199935913086,35.231998443603516,35.35100173950195
2024-02-01,35.54899978637695,35.56999969482422,35.27899932861328,35.54899978637695
2024-02-02,35.29800033569336,35.56999969482422,35.099998474121094,35.29800033569336
2024-02-05,35.57500076293945,35.86000061035156,35.577999114990234,35.57500076293945
2024-02-06,35.7599983215332,35.810001373291016,35.49800109863281,35.7599983215332
2024-02-07,35.54999923706055,35.64400100708008,35.44300079345703,35.54999923706055
2024-02-08,35.481998443603516,35.91999816894531,35.54999923706055,35.481998443603516
2024-02-09,35.83000183105469,35.9739990234375,35.77799987792969,35.83000183105469
2024-02-12,35.87200164794922,35.95000076293945,35.8129997253418,35.87200164794922
2024-02-13,35.87099838256836,36.064998626708984,35.62799835205078,35.87099838256836
2024-02-14,36.0620002746582,36.20000076293945,36.03900146484375,36.0620002746582
2024-02-15,36.05500030517578,36.183998107910156,36.00899887084961,36.05500030517578
2024-02-16,36.040000915527344,36.15299987792969,35.98400115966797,36.040000915527344
2024-02-19,35.94499969482422,36.06999969482422,35.87699890136719,35.94499969482422
2024-02-20,36.119998931884766,36.18299865722656,35.90399932861328,36.119998931884766
2024-02-21,35.97999954223633,36.06999969482422,35.790000915527344,35.97999954223633
2024-02-22,35.840999603271484,35.970001220703125,35.720001220703125,35.840999603271484
2024-02-23,35.93000030517578,36.119998931884766,35.88100051879883,35.93000030517578
2024-02-26,35.9370002746582,36.0099983215332,35.79999923706055,35.9370002746582
2024-02-27,35.930999755859375,35.959999084472656,35.7599983215332,35.930999755859375
2024-02-28,35.880001068115234,36.07400131225586,35.79999923706055,35.880001068115234
2024-02-29,35.95399856567383,36.0260009765625,35.75899887084961,35.95399856567383
2024-03-01,35.83000183105469,36.0099983215332,35.80400085449219,35.83000183105469
2024-03-04,35.797000885009766,35.85599899291992,35.70399856567383,35.797000885009766
2024-03-05,35.70100021362305,35.87099838256836,35.71099853515625,35.70100021362305
2024-03-06,35.777000427246094,35.854000091552734,35.5629997253418,35.777000427246094
2024-03-07,35.58700180053711,35.650001525878906,35.470001220703125,35.58700180053711
2024-03-08,35.492000579833984,35.56999969482422,35.28799819946289,35.492000579833984
2024-03-11,35.39799880981445,35.4900016784668,35.349998474121094,35.39799880981445
2024-03-12,35.38999938964844,35.77799987792969,35.380001068115234,35.38999938964844
2024-03-13,35.729000091552734,35.75,35.57699966430664,35.729000091552734
2024-03-14,35.612998962402344,35.79999923706055,35.555999755859375,35.612998962402344
2024-03-15,35.7599983215332,35.90999984741211,35.73899841308594,35.7599983215332
2024-03-18,35.900001525878906,35.9900016784668,35.86000061035156,35.900001525878906
2024-03-19,35.970001220703125,36.099998474121094,35.939998626708984,35.970001220703125
2024-03-20,36.04999923706055,36.20000076293945,35.99399948120117,36.04999923706055
2024-03-21,35.91699981689453,36.33000183105469,35.85100173950195,35.91699981689453
2024-03-22,36.29100036621094,36.483001708984375,36.24599838256836,36.29100036621094
2024-03-25,36.3390007019043,36.459999084472656,36.21699905395508,36.3390007019043
2024-03-26,36.34000015258789,36.4109992980957,36.22999954223633,36.34000015258789
2024-03-27,36.310001373291016,36.49300003051758,36.29399871826172,36.310001373291016
2024-03-28,36.400001525878906,36.53099822998047,36.349998474121094,36.400001525878906
2024-03-29,36.36000061035156,36.525001525878906,36.268001556396484,36.36000061035156
2024-04-01,36.40299987792969,36.630001068115234,36.31800079345703,36.40299987792969
2024-04-02,36.59000015258789,36.689998626708984,36.558998107910156,36.59000015258789
2024-04-03,36.571998596191406,36.7599983215332,36.551998138427734,36.571998596191406
2024-04-04,36.582000732421875,36.7400016784668,36.547000885009766,36.582000732421875
2024-04-05,36.678001403808594,36.83399963378906,36.5359992980957,36.678001403808594
2024-04-08,36.65999984741211,36.78200149536133,36.560001373291016,36.65999984741211
2024-04-09,36.689998626708984,36.72999954223633,36.263999938964844,36.689998626708984
2024-04-10,36.33000183105469,36.67300033569336,36.24700164794922,36.33000183105469
2024-04-11,36.71900177001953,36.76900100708008,36.42900085449219,36.71900177001953
2024-04-12,36.4109992980957,36.619998931884766,36.32500076293945,36.4109992980957
2024-04-15,36.619998931884766,36.81999969482422,36.60900115966797,36.619998931884766
2024-04-16,36.7599983215332,36.862998962402344,36.56800079345703,36.7599983215332
2024-04-17,36.66600036621094,36.88999938964844,36.619998931884766,36.66600036621094
2024-04-18,36.77000045776367,36.827999114990234,36.667999267578125,36.77000045776367
2024-04-19,36.79600143432617,36.900001525878906,36.797000885009766,36.79600143432617
2024-04-22,36.880001068115234,37.09000015258789,36.86000061035156,36.869998931884766
2024-04-23,37.06800079345703,37.08700180053711,36.85900115966797,37.06800079345703
2024-04-24,36.887001037597656,37.09000015258789,36.82899856567383,36.887001037597656
2024-04-25,37.04100036621094,37.16999816894531,36.9630012512207,37.04100036621094
2024-04-26,37.00699996948242,37.060001373291016,36.87699890136719,37.00699996948242
2024-04-29,36.981998443603516,37.08000183105469,36.96500015258789,36.981998443603516
2024-04-30,36.999000549316406,37.15999984741211,37.0,36.999000549316406
2024-05-01,37.17599868774414,37.2599983215332,37.04399871826172,37.17599868774414
2024-05-02,36.9640007019043,37.04999923706055,36.83399963378906,36.9640007019043
2024-05-03,36.79999923706055,36.83599853515625,36.428001403808594,36.79999923706055
2024-05-06,36.7599983215332,36.78200149536133,36.638999938964844,36.720001220703125
2024-05-07,36.75,36.900001525878906,36.69900131225586,36.75
2024-05-08,36.939998626708984,37.018001556396484,36.87900161743164,36.939998626708984
2024-05-09,36.917999267578125,36.97999954223633,36.73099899291992,36.917999267578125
2024-05-10,36.70000076293945,36.81999969482422,36.65999984741211,36.70000076293945
2024-05-13,36.790000915527344,36.83000183105469,36.65999984741211,36.790000915527344
2024-05-14,36.7760009765625,36.82099914550781,36.5369987487793,36.7760009765625
2024-05-15,36.55699920654297,36.58000183105469,36.349998474121094,36.55699920654297
2024-05-16,36.2599983215332,36.279998779296875,36.02899932861328,36.2599983215332
2024-05-17,36.189998626708984,36.308998107910156,36.018001556396484,36.189998626708984
2024-05-20,36.119998931884766,36.220001220703125,35.83000183105469,36.119998931884766
2024-05-21,36.125,36.36199951171875,36.119998931884766,36.125
2024-05-22,36.354000091552734,36.470001220703125,36.31100082397461,36.354000091552734
2024-05-23,36.4900016784668,36.630001068115234,36.428001403808594,36.4900016784668
2024-05-24,36.63199996948242,36.75,36.60599899291992,36.63199996948242
2024-05-27,36.63999938964844,36.665000915527344,36.5359992980957,36.63999938964844
2024-05-28,36.54999923706055,36.63999938964844,36.50899887084961,36.54999923706055
2024-05-29,36.573001861572266,36.810001373291016,36.57600021362305,36.573001861572266
2024-05-30,36.779998779296875,36.959999084472656,36.63800048828125,36.779998779296875
2024-05-31,36.680999755859375,36.83000183105469,36.63999938964844,36.680999755859375
2024-06-03,36.75,36.90999984741211,36.60900115966797,36.75
2024-06-04,36.573001861572266,36.650001525878906,36.47600173950195,36.573001861572266
2024-06-05,36.55400085449219,36.720001220703125,36.5,36.55400085449219
2024-06-06,36.56999969482422,36.58000183105469,36.402000427246094,36.56999969482422
2024-06-07,36.39500045776367,36.79999923706055,36.31999969482422,36.39500045776367
2024-06-10,36.90999984741211,36.94900131225586,36.678001403808594,36.90999984741211
2024-06-11,36.709999084472656,36.79100036621094,36.650001525878906,36.709999084472656
2024-06-12,36.70800018310547,36.7599983215332,36.38399887084961,36.70800018310547
2024-06-13,36.619998931884766,36.81999969482422,36.52000045776367,36.619998931884766
2024-06-14,36.749000549316406,36.79999923706055,36.62900161743164,36.749000549316406
2024-06-17,36.68000030517578,36.849998474121094,36.62699890136719,36.68000030517578
2024-06-18,36.810001373291016,36.849998474121094,36.650001525878906,36.810001373291016
2024-06-19,36.641998291015625,36.72999954223633,36.555999755859375,36.641998291015625
2024-06-20,36.66699981689453,36.779998779296875,36.625999450683594,36.66699981689453
2024-06-21,36.71699905395508,36.77000045776367,36.608001708984375,36.71699905395508
2024-06-24,36.7599983215332,36.80799865722656,36.59000015258789,36.7599983215332
2024-06-25,36.597999572753906,36.72999954223633,36.540000915527344,36.597999572753906
2024-06-26,36.72999954223633,36.939998626708984,36.70600128173828,36.72999954223633
2024-06-27,36.93299865722656,36.98699951171875,36.70199966430664,36.93299865722656
2024-06-28,36.81999969482422,36.900001525878906,36.62799835205078,36.81999969482422
2024-07-01,36.66999816894531,36.770999908447266,36.63999938964844,36.66999816894531
2024-07-02,36.71500015258789,36.85200119018555,36.7130012512207,36.71500015258789
2024-07-03,36.810001373291016,36.875999450683594,36.54399871826172,36.810001373291016
2024-07-04,36.6349983215332,36.65999984741211,36.53900146484375,36.6349983215332
2024-07-05,36.630001068115234,36.625999450683594,36.44300079345703,36.630001068115234
2024-07-08,36.5,36.4900016784668,36.33100128173828,36.5
2024-07-09,36.38999938964844,36.470001220703125,36.3390007019043,36.38999938964844
2024-07-10,36.40999984741211,36.45199966430664,36.26499938964844,36.40999984741211
2024-07-11,36.31999969482422,36.33000183105469,34.882999420166016,36.31999969482422
2024-07-12,36.02899932861328,36.25,34.78900146484375,36.02899932861328
2024-07-15,36.18000030517578,36.2400016784668,35.89400100708008,36.18000030517578
2024-07-16,36.11000061035156,36.25,36.000999450683594,36.11000061035156
2024-07-17,35.97600173950195,36.02000045776367,35.78300094604492,35.97600173950195
2024-07-18,35.867000579833984,36.040000915527344,35.85300064086914,35.867000579833984
2024-07-19,36.13999938964844,36.349998474121094,36.138999938964844,36.13999938964844
2024-07-22,36.279998779296875,36.362998962402344,36.2239990234375,36.279998779296875
2024-07-23,36.29999923706055,36.31800079345703,36.125999450683594,36.29999923706055
2024-07-24,36.13999938964844,36.18000030517578,35.90399932861328,36.13999938964844
2024-07-25,36.097999572753906,36.242000579833984,36.029998779296875,36.097999572753906
2024-07-26,36.209999084472656,36.2599983215332,35.85300064086914,36.209999084472656
2024-07-29,35.970001220703125,36.02000045776367,35.81999969482422,35.970001220703125
2024-07-30,35.93000030517578,36.060001373291016,35.895999908447266,35.93000030517578
2024-07-31,35.8380012512207,35.89899826049805,35.47999954223633,35.8380012512207
2024-08-01,35.5,35.61899948120117,35.41999816894531,35.5
2024-08-02,35.573001861572266,35.61000061035156,35.07899856567383,35.573001861572266
2024-08-05,35.310001373291016,35.40999984741211,35.02899932861328,35.279998779296875
2024-08-06,35.5,35.59000015258789,35.349998474121094,35.5
2024-08-07,35.393001556396484,35.709999084472656,35.402000427246094,35.393001556396484
2024-08-08,35.58000183105469,35.59299850463867,35.196998596191406,35.58000183105469
2024-08-09,35.2599983215332,35.29999923706055,35.14799880981445,35.2599983215332
2024-08-12,35.220001220703125,35.279998779296875,35.137001037597656,35.220001220703125
2024-08-13,35.03200149536133,35.16999816894531,34.9379997253418,35.03200149536133
2024-08-14,34.91400146484375,35.04999923706055,34.805999755859375,34.91400146484375
2024-08-15,35.06700134277344,35.183998107910156,34.86899948120117,35.06700134277344
2024-08-16,35.04399871826172,35.1619987487793,34.685001373291016,35.04399871826172
2024-08-19,34.58000183105469,34.630001068115234,34.358001708984375,34.58000183105469
2024-08-20,34.319000244140625,34.38999938964844,34.073001861572266,34.319000244140625
2024-08-21,34.130001068115234,34.34000015258789,34.03300094604492,34.130001068115234
2024-08-22,34.290000915527344,34.59700012207031,34.2130012512207,34.290000915527344
2024-08-23,34.4900016784668,34.52000045776367,33.902000427246094,34.4900016784668
2024-08-26,33.95000076293945,34.040000915527344,33.86000061035156,33.95000076293945
2024-08-27,33.970001220703125,34.119998931884766,33.970001220703125,33.970001220703125
2024-08-28,33.91400146484375,34.11000061035156,33.902000427246094,33.91400146484375
2024-08-29,34.042999267578125,34.060001373291016,33.86800003051758,34.042999267578125
2024-08-30,33.88999938964844,34.04199981689453,33.560001373291016,33.88999938964844
2024-09-02,34.060001373291016,34.23400115966797,34.03499984741211,33.91999816894531
2024-09-03,34.16999816894531,34.31999969482422,33.74300003051758,34.16999816894531
2024-09-04,34.25699996948242,34.29399871826172,33.89099884033203,34.25699996948242
2024-09-05,33.946998596191406,34.013999938964844,32.970001220703125,33.946998596191406
2024-09-06,33.58100128173828,33.63999938964844,33.23699951171875,33.58100128173828
2024-09-09,33.69300079345703,33.97999954223633,33.619998931884766,33.69300079345703
2024-09-10,33.86899948120117,33.930999755859375,33.64899826049805,33.86899948120117
2024-09-11,33.62900161743164,33.84400177001953,32.97700119018555,33.62900161743164
2024-09-12,33.790000915527344,33.805999755859375,33.15700149536133,33.790000915527344
2024-09-13,33.38399887084961,33.38999938964844,32.882999420166016,33.38399887084961
2024-09-16,33.222999572753906,33.29999923706055,33.055999755859375,33.222999572753906
2024-09-17,33.25,33.369998931884766,33.2140007019043,33.25
2024-09-18,33.375,33.40999984741211,33.18199920654297,33.375
2024-09-19,33.37300109863281,33.51499938964844,32.35900115966797,33.37300109863281
2024-09-20,33.11000061035156,33.150001525878906,32.92100143432617,33.11000061035156
2024-09-23,32.959999084472656,33.0099983215332,31.927000045776367,32.959999084472656
2024-09-24,32.91999816894531,32.99599838256836,32.52399826049805,32.91999816894531
2024-09-25,32.5629997253418,32.72999954223633,32.457000732421875,32.5629997253418
2024-09-26,32.77000045776367,32.779998779296875,31.902999877929688,32.77000045776367
2024-09-27,32.36600112915039,32.49100112915039,31.72100067138672,32.36600112915039
2024-09-30,32.349998474121094,32.369998931884766,32.12699890136719,32.349998474121094
2024-10-01,32.38999938964844,32.63999938964844,31.413000106811523,32.38999938964844
2024-10-02,32.52899932861328,32.93000030517578,31.66699981689453,32.52899932861328
2024-10-03,32.89099884033203,33.220001220703125,32.71699905395508,32.89099884033203
2024-10-04,33.11000061035156,33.44200134277344,31.966999053955078,33.11000061035156
2024-10-07,33.29999923706055,33.47999954223633,32.93600082397461,33.29999923706055
2024-10-08,33.470001220703125,33.59299850463867,33.38100051879883,33.470001220703125
2024-10-09,33.54999923706055,33.56999969482422,33.29999923706055,33.54999923706055
2024-10-10,33.52000045776367,33.606998443603516,33.43000030517578,33.52000045776367
2024-10-11,33.430999755859375,33.45000076293945,33.11199951171875,33.430999755859375
2024-10-14,33.2599983215332,33.310001373291016,33.099998474121094,33.2599983215332
2024-10-15,33.2239990234375,33.441001892089844,33.209999084472656,33.2239990234375
2024-10-16,33.290000915527344,33.380001068115234,33.11800003051758,33.290000915527344
2024-10-17,33.176998138427734,33.26100158691406,32.9370002746582,33.176998138427734
2024-10-18,33.14400100708008,33.20000076293945,33.053001403808594,33.14400100708008
2024-10-21,33.09000015258789,33.52000045776367,33.073001861572266,33.09000015258789
2024-10-22,33.5099983215332,33.560001373291016,33.45000076293945,33.5099983215332
2024-10-23,33.5099983215332,33.83000183105469,33.500999450683594,33.5099983215332
2024-10-24,33.77799987792969,33.834999084472656,33.02000045776367,33.77799987792969
2024-10-25,33.672000885009766,33.81999969482422,33.61199951171875,33.672000885009766
2024-10-28,33.75400161743164,33.8650016784668,33.68000030517578,33.75400161743164
2024-10-29,33.7599983215332,33.83100128173828,33.507999420166016,33.7599983215332
2024-10-30,33.630001068115234,33.79999923706055,33.61000061035156,33.630001068115234
2024-10-31,33.749000549316406,33.882999420166016,33.68000030517578,33.749000549316406
2024-11-01,33.8129997253418,33.95199966430664,33.77000045776367,33.8129997253418
2024-11-04,33.86399841308594,33.88100051879883,33.637001037597656,33.86399841308594
2024-11-05,33.76300048828125,33.790000915527344,33.3650016784668,33.76300048828125
2024-11-06,33.472999572753906,34.382999420166016,33.46900177001953,33.472999572753906
2024-11-07,34.0,34.060001373291016,33.91999816894531,34.347999572753906
2024-11-08,33.97999954223633,34.2400016784668,33.95600128173828,33.97999954223633
2024-11-11,34.266998291015625,34.58100128173828,34.220001220703125,34.266998291015625
2024-11-12,34.459999084472656,34.8650016784668,34.479000091552734,34.459999084472656
2024-11-13,34.83000183105469,34.900001525878906,33.28099822998047,34.83000183105469
2024-11-14,34.95000076293945,35.15999984741211,34.77799987792969,34.95000076293945
2024-11-15,34.97200012207031,35.060001373291016,34.26300048828125,34.97200012207031
2024-11-18,34.75699996948242,34.869998931884766,34.611000061035156,34.75699996948242
2024-11-19,34.57899856567383,34.66600036621094,34.46799850463867,34.57899856567383
2024-11-20,34.49300003051758,34.744998931884766,34.46900177001953,34.49300003051758
2024-11-21,34.630001068115234,34.72600173950195,34.571998596191406,34.630001068115234
2024-11-22,34.720001220703125,34.78099822998047,34.459999084472656,34.720001220703125
2024-11-25,34.41999816894531,34.67599868774414,34.310001373291016,34.41999816894531
2024-11-26,34.6510009765625,34.779998779296875,34.49599838256836,34.6510009765625
2024-11-27,34.71200180053711,34.749000549316406,34.37300109863281,34.71200180053711
2024-11-28,34.5099983215332,34.57600021362305,34.35599899291992,34.5099983215332
2024-11-29,34.400001525878906,34.41999816894531,34.180999755859375,34.400001525878906
2024-12-02,34.35100173950195,34.540000915527344,34.35100173950195,34.35100173950195
2024-12-03,34.4739990234375,34.56100082397461,34.29199981689453,34.4739990234375
2024-12-04,34.33000183105469,34.40800094604492,34.17399978637695,34.33000183105469
2024-12-05,34.21200180053711,34.26900100708008,33.999000549316406,34.21200180053711
2024-12-06,34.06999969482422,34.189998626708984,33.88999938964844,34.06999969482422
2024-12-09,34.03099822998047,34.099998474121094,33.64400100708008,34.060001373291016
2024-12-10,33.75400161743164,33.84000015258789,33.62699890136719,33.75400161743164
2024-12-11,33.707000732421875,33.922000885009766,33.650001525878906,33.707000732421875
2024-12-12,33.797000885009766,33.987998962402344,33.7400016784668,33.797000885009766
2024-12-13,33.91999816894531,34.18000030517578,33.90999984741211,33.91999816894531
2024-12-16,34.09199905395508,34.18000030517578,34.020999908447266,34.09199905395508
2024-12-17,34.042999267578125,34.290000915527344,33.999000549316406,34.042999267578125
2024-12-18,34.18000030517578,34.29800033569336,34.13999938964844,34.18000030517578
2024-12-19,34.58000183105469,34.66999816894531,34.459999084472656,34.58000183105469
2024-12-20,34.58000183105469,34.63100051879883,34.25199890136719,34.58000183105469
2024-12-23,34.25699996948242,34.31999969482422,34.11600112915039,34.25699996948242
2024-12-24,34.279998779296875,34.29999923706055,34.0880012512207,34.279998779296875
2024-12-25,34.064998626708984,34.29999923706055,33.39899826049805,34.064998626708984
2024-12-26,34.17599868774414,34.27000045776367,34.077999114990234,34.17599868774414
2024-12-27,34.119998931884766,34.220001220703125,33.91999816894531,34.119998931884766
2024-12-30,33.9900016784668,34.2599983215332,33.917999267578125,33.9900016784668
2024-12-31,34.138999938964844,34.349998474121094,34.125999450683594,34.138999938964844
2025-01-02,34.290000915527344,34.4010009765625,34.13999938964844,34.290000915527344
2025-01-03,34.380001068115234,34.54999923706055,34.34000015258789,34.380001068115234
2025-01-06,34.43299865722656,34.678001403808594,34.356998443603516,34.43299865722656
2025-01-07,34.619998931884766,34.66999816894531,34.292999267578125,34.619998931884766
2025-01-08,34.560001373291016,34.720001220703125,34.529998779296875,34.560001373291016
2025-01-09,34.60300064086914,34.71799850463867,34.53300094604492,34.60300064086914
2025-01-10,34.51300048828125,34.76599884033203,34.42300033569336,34.51300048828125
2025-01-13,34.60499954223633,34.83000183105469,34.60499954223633,34.60499954223633
2025-01-14,34.6510009765625,34.790000915527344,34.630001068115234,34.6510009765625
2025-01-15,34.689998626708984,34.810001373291016,34.52299880981445,34.689998626708984
2025-01-16,34.53799819946289,34.650001525878906,34.46500015258789,34.53799819946289
2025-01-17,34.53799819946289,34.59000015258789,34.34000015258789,34.53799819946289
2025-01-20,34.47200012207031,34.5099983215332,34.040000915527344,34.47200012207031
2025-01-21,34.07400131225586,34.17100143432617,33.928001403808594,34.07400131225586
2025-01-22,33.974998474121094,33.98099899291992,33.779998779296875,33.974998474121094
2025-01-23,33.87099838256836,34.040000915527344,33.832000732421875,33.87099838256836
2025-01-24,33.981998443603516,33.999000549316406,33.52799987792969,33.981998443603516
2025-01-27,33.67300033569336,33.79999923706055,33.56399917602539,33.67300033569336
2025-01-28,33.8650016784668,33.96500015258789,33.790000915527344,33.8650016784668
2025-01-29,33.810001373291016,33.83000183105469,33.66999816894531,33.810001373291016
2025-01-30,33.720001220703125,33.797000885009766,33.56999969482422,33.720001220703125
2025-01-31,33.61000061035156,33.698001861572266,33.47100067138672,33.61000061035156
2025-02-03,34.0,34.15299987792969,33.77000045776367,34.0
2025-02-04,33.849998474121094,33.9640007019043,33.61600112915039,33.849998474121094
2025-02-05,33.66999816894531,33.750999450683594,33.48400115966797,33.66999816894531
2025-02-06,33.54999923706055,33.854000091552734,33.53499984741211,33.54999923706055
2025-02-07,33.77000045776367,33.821998596191406,33.5880012512207,33.77000045776367
2025-02-10,33.875,33.95199966430664,33.810001373291016,33.875
2025-02-11,33.941001892089844,34.125,33.91999816894531,33.941001892089844
2025-02-12,34.03300094604492,34.23500061035156,34.029998779296875,34.03300094604492
2025-02-13,34.0,34.029998779296875,33.70000076293945,34.0
2025-02-14,33.65999984741211,33.72999954223633,33.566001892089844,33.65999984741211
2025-02-17,33.72200012207031,33.779998779296875,33.650001525878906,33.72200012207031
2025-02-18,33.68000030517578,33.810001373291016,33.597999572753906,33.68000030517578
2025-02-19,33.63999938964844,33.77000045776367,33.619998931884766,33.63999938964844
2025-02-20,33.72999954223633,33.7400016784668,33.53099822998047,33.72999954223633
2025-02-21,33.540000915527344,33.66299819946289,33.529998779296875,33.540000915527344
2025-02-24,33.534000396728516,33.560001373291016,33.369998931884766,33.534000396728516
2025-02-25,33.52000045776367,33.83000183105469,33.48699951171875,33.52000045776367
2025-02-26,33.75600051879883,33.87799835205078,33.66999816894531,33.75600051879883
2025-02-27,33.7400016784668,34.08000183105469,33.729000091552734,33.7400016784668
2025-02-28,34.04999923706055,34.279998779296875,33.97999954223633,34.04999923706055
2025-03-03,34.202999114990234,34.31999969482422,33.965999603271484,34.202999114990234
2025-03-04,34.018001556396484,34.060001373291016,33.685001373291016,34.018001556396484
2025-03-05,33.66999816894531,33.77299880981445,33.54100036621094,33.66999816894531
2025-03-06,33.59000015258789,33.78799819946289,33.555999755859375,33.59000015258789
2025-03-07,33.69900131225586,33.84000015258789,33.56700134277344,33.69900131225586
2025-03-10,33.71799850463867,33.86000061035156,33.650001525878906,33.71799850463867
2025-03-11,33.900001525878906,33.959999084472656,33.66699981689453,33.900001525878906
2025-03-12,33.709999084472656,33.87200164794922,33.70000076293945,33.709999084472656
2025-03-13,33.77000045776367,33.85200119018555,33.689998626708984,33.77000045776367
2025-03-14,33.68000030517578,33.71900177001953,33.57099914550781,33.68000030517578
2025-03-17,33.643001556396484,33.70000076293945,33.55099868774414,33.643001556396484
2025-03-18,33.59000015258789,33.654998779296875,33.52299880981445,33.59000015258789
2025-03-19,33.630001068115234,33.66999816894531,33.57899856567383,33.630001068115234
2025-03-20,33.54999923706055,33.81999969482422,33.54999923706055,33.54999923706055
2025-03-21,33.720001220703125,33.95000076293945,33.7140007019043,33.720001220703125
2025-03-24,33.87699890136719,33.97999954223633,33.79999923706055,33.87699890136719
2025-03-25,33.959999084472656,34.05099868774414,33.7599983215332,33.959999084472656
2025-03-26,33.810001373291016,34.00899887084961,33.790000915527344,33.810001373291016
2025-03-27,34.0099983215332,34.02000045776367,33.78900146484375,34.0099983215332
2025-03-28,33.810001373291016,34.0,33.81999969482422,33.810001373291016
2025-03-31,34.0099983215332,34.0099983215332,33.84000015258789,34.0099983215332
2025-04-01,33.97999954223633,34.189998626708984,33.95000076293945,33.97999954223633
2025-04-02,34.18000030517578,34.220001220703125,34.06999969482422,34.18000030517578
2025-04-03,34.34000015258789,34.43000030517578,34.0099983215332,34.34000015258789
2025-04-04,34.22999954223633,34.540000915527344,34.040000915527344,34.22999954223633
2025-04-07,34.599998474121094,34.7400016784668,34.21900177001953,34.599998474121094
2025-04-08,34.70000076293945,34.832000732421875,34.4900016784668,34.70000076293945
2025-04-09,34.880001068115234,34.97999954223633,34.32699966430664,34.880001068115234
2025-04-10,34.130001068115234,34.314998626708984,33.805999755859375,34.130001068115234
2025-04-11,33.81999969482422,33.83000183105469,33.404998779296875,33.81999969482422
2025-04-14,33.5,33.72600173950195,33.40700149536133,33.5
2025-04-15,33.54999923706055,33.61000061035156,33.448001861572266,33.54999923706055
2025-04-16,33.470001220703125,33.459999084472656,33.053001403808594,33.470001220703125
2025-04-17,33.08000183105469,33.42100143432617,33.060001373291016,33.08000183105469
2025-04-22,33.04999923706055,33.36000061035156,32.97999954223633,33.04999923706055
2025-04-23,33.560001373291016,33.619998931884766,33.323001861572266,33.560001373291016
2025-04-24,33.54999923706055,33.59000015258789,33.400001525878906,33.54999923706055
2025-04-25,33.38999938964844,33.619998931884766,33.36000061035156,33.38999938964844
2025-04-28,33.58000183105469,33.75299835205078,33.34199905395508,33.58000183105469
2025-04-29,33.34000015258789,33.470001220703125,33.255001068115234,33.34000015258789
2025-04-30,33.43000030517578,33.46200180053711,33.268001556396484,33.43000030517578
2025-05-01,33.41999816894531,33.630001068115234,33.34000015258789,33.41999816894531
2025-05-02,33.5099983215332,33.58000183105469,32.95000076293945,33.5099983215332
2025-05-05,33.09000015258789,33.10300064086914,32.803001403808594,33.09000015258789
2025-05-06,32.90999984741211,32.994998931884766,32.55099868774414,32.90999984741211
2025-05-07,32.630001068115234,32.84000015258789,32.59000015258789,32.630001068115234
2025-05-08,32.87699890136719,32.939998626708984,32.63999938964844,32.87699890136719
2025-05-09,33.060001373291016,33.198001861572266,32.900001525878906,33.060001373291016
2025-05-12,33.040000915527344,33.49300003051758,32.970001220703125,33.040000915527344
2025-05-13,33.40999984741211,33.45000076293945,33.11399841308594,33.40999984741211
2025-05-14,33.209999084472656,33.43000030517578,33.165000915527344,33.209999084472656
2025-05-15,33.439998626708984,33.470001220703125,33.18299865722656,33.439998626708984
2025-05-16,33.18000030517578,33.45000076293945,33.060001373291016,33.18000030517578
2025-05-19,33.183998107910156,33.292999267578125,33.02199935913086,33.183998107910156
2025-05-20,33.11000061035156,33.25699996948242,32.849998474121094,33.11000061035156
2025-05-21,32.85900115966797,32.880001068115234,32.62699890136719,32.85900115966797
2025-05-22,32.70000076293945,32.90700149536133,32.53799819946289,32.70000076293945
2025-05-23,32.849998474121094,32.869998931884766,32.45600128173828,32.849998474121094
2025-05-26,32.560001373291016,32.6619987487793,32.369998931884766,32.560001373291016
2025-05-27,32.58000183105469,32.79999923706055,32.4900016784668,32.58000183105469
2025-05-28,32.70000076293945,32.76900100708008,32.59000015258789,32.70000076293945
2025-05-29,32.797000885009766,32.87799835205078,32.55400085449219,32.797000885009766
2025-05-30,32.529998779296875,32.86000061035156,32.470001220703125,32.529998779296875
2025-06-02,32.75,32.862998962402344,32.483001708984375,32.75
2025-06-03,32.5,32.67399978637695,32.5,32.5
2025-06-04,32.61000061035156,32.755001068115234,32.39099884033203,32.61000061035156
2025-06-05,32.58000183105469,32.65999984741211,32.42100143432617,32.58000183105469
2025-06-06,32.59000015258789,32.7400016784668,32.54499816894531,32.59000015258789
2025-06-09,32.72999954223633,32.763999938964844,32.61000061035156,32.72999954223633
2025-06-10,32.62900161743164,32.749000549316406,32.55799865722656,32.62900161743164
2025-06-11,32.599998474121094,32.680999755859375,32.529998779296875,32.599998474121094
2025-06-12,32.5260009765625,32.5620002746582,32.32699966430664,32.5260009765625
2025-06-13,32.34000015258789,32.500999450683594,32.270999908447266,32.34000015258789
2025-06-16,32.380001068115234,32.5,32.36800003051758,32.380001068115234
2025-06-17,32.470001220703125,32.61000061035156,32.4119987487793,32.470001220703125
2025-06-18,32.582000732421875,32.63800048828125,32.53099822998047,32.582000732421875
2025-06-19,32.65800094604492,32.926998138427734,32.6609992980957,32.65800094604492
2025-06-20,32.70000076293945,32.893001556396484,32.67900085449219,32.70000076293945
2025-06-23,32.79999923706055,33.047000885009766,32.72800064086914,33.01900100708008
2025-06-24,32.784000396728516,32.79199981689453,32.624000549316406,32.784000396728516
2025-06-25,32.630001068115234,32.66299819946289,32.5260009765625,32.630001068115234
2025-06-26,32.50600051879883,32.542999267578125,32.31999969482422,32.50600051879883
2025-06-27,32.529998779296875,32.641998291015625,32.487998962402344,32.529998779296875
2025-06-30,32.63600158691406,32.63999938964844,32.439998626708984,32.63600158691406
2025-07-01,32.41999816894531,32.61000061035156,32.369998931884766,32.41999816894531
2025-07-02,32.4370002746582,32.51300048828125,32.358001708984375,32.4370002746582
2025-07-03,32.319000244140625,32.492000579833984,32.29899978637695,32.319000244140625
2025-07-04,32.43000030517578,32.49700164794922,32.29999923706055,32.43000030517578
2025-07-07,32.380001068115234,32.650001525878906,32.31999969482422,32.380001068115234
2025-07-08,32.619998931884766,32.630001068115234,32.43000030517578,32.619998931884766
2025-07-09,32.61000061035156,32.74399948120117,32.54999923706055,32.61000061035156
2025-07-10,32.619998931884766,32.691001892089844,32.500999450683594,32.619998931884766
2025-07-11,32.59000015258789,32.665000915527344,32.34000015258789,32.59000015258789
2025-07-14,32.369998931884766,32.49100112915039,32.349998474121094,32.369998931884766
2025-07-15,32.459999084472656,32.59000015258789,32.380001068115234,32.459999084472656
2025-07-16,32.56999969482422,32.62099838256836,32.30699920654297,32.56999969482422
2025-07-17,32.470001220703125,32.58000183105469,32.439998626708984,32.470001220703125
2025-07-18,32.470001220703125,32.470001220703125,32.34000015258789,32.470001220703125
2025-07-21,32.380001068115234,32.439998626708984,32.198001861572266,32.380001068115234
2025-07-22,32.209999084472656,32.33000183105469,32.13999938964844,32.209999084472656
2025-07-23,32.18000030517578,32.21799850463867,32.119998931884766,32.18000030517578
2025-07-24,32.150001525878906,32.31999969482422,32.09000015258789,32.150001525878906
2025-07-25,32.279998779296875,32.43000030517578,32.209999084472656,32.279998779296875
2025-07-28,32.36000061035156,32.5,32.31999969482422,32.36000061035156
2025-07-29,32.470001220703125,32.529998779296875,32.3489990234375,32.470001220703125
2025-07-30,32.400001525878906,32.66999816894531,32.31999969482422,32.400001525878906
2025-07-31,32.709999084472656,32.7599983215332,32.619998931884766,32.709999084472656
2025-08-01,32.7400016784668,32.869998931884766,32.46200180053711,32.7400016784668
2025-08-04,32.369998931884766,32.529998779296875,32.33599853515625,32.369998931884766
2025-08-05,32.310001373291016,32.45399856567383,32.279998779296875,32.310001373291016
2025-08-06,32.34000015258789,32.402000427246094,32.30699920654297,32.34000015258789
2025-08-07,32.34000015258789,32.36000061035156,32.22999954223633,32.34000015258789
2025-08-08,32.284000396728516,32.38100051879883,32.25,32.284000396728516
2025-08-11,32.36000061035156,32.47999954223633,32.13999938964844,32.36000061035156
2025-08-12,32.43000030517578,32.48500061035156,32.26900100708008,32.43000030517578
2025-08-13,32.38999938964844,32.40999984741211,32.220001220703125,32.38999938964844
2025-08-14,32.25199890136719,32.5099983215332,32.22999954223633,32.25199890136719
2025-08-15,32.459999084472656,32.47999954223633,32.380001068115234,32.459999084472656
2025-08-18,32.43000030517578,32.5099983215332,32.38999938964844,32.43000030517578
2025-08-19,32.5099983215332,32.56999969482422,32.45000076293945,32.5099983215332
2025-08-20,32.58000183105469,32.619998931884766,32.47600173950195,32.58000183105469
2025-08-21,32.560001373291016,32.65999984741211,32.52000045776367,32.560001373291016
2025-08-22,32.65999984741211,32.68000030517578,32.297000885009766,32.65999984741211
2025-08-25,32.36000061035156,32.470001220703125,32.36000061035156,32.36000061035156
2025-08-26,32.47999954223633,32.5099983215332,32.36000061035156,32.47999954223633
2025-08-27,32.43000030517578,32.55699920654297,32.40999984741211,32.43000030517578
2025-08-28,32.400001525878906,32.433998107910156,32.2599983215332,32.400001525878906
2025-08-29,32.2599983215332,32.41999816894531,32.25,32.2599983215332
2025-09-01,32.31999969482422,32.36000061035156,32.06999969482422,32.31999969482422
2025-09-02,32.279998779296875,32.40999984741211,32.2400016784668,32.279998779296875
2025-09-03,32.310001373291016,32.45000076293945,32.242000579833984,32.310001373291016
2025-09-04,32.27000045776367,32.36000061035156,32.2599983215332,32.27000045776367
2025-09-05,32.27000045776367,32.279998779296875,32.007999420166016,32.27000045776367
2025-09-08,32.08000183105469,32.11000061035156,31.63800048828125,32.08000183105469
2025-09-09,31.68000030517578,31.770000457763672,31.56999969482422,31.68000030517578
2025-09-10,31.760000228881836,31.83300018310547,31.700000762939453,31.760000228881836
2025-09-11,31.760000228881836,31.860000610351562,31.66699981689453,31.760000228881836
2025-09-12,31.709999084472656,31.770000457763672,31.639999389648438,31.709999084472656
2025-09-15,31.729999542236328,31.950000762939453,31.709999084472656,31.729999542236328
2025-09-16,31.81999969482422,31.829999923706055,31.638999938964844,31.81999969482422
2025-09-17,31.65999984741211,31.77400016784668,31.639999389648438,31.65999984741211
2025-09-18,31.780000686645508,31.94700050354004,31.73200035095215,31.780000686645508
2025-09-19,31.889999389648438,31.93000030517578,31.804000854492188,31.889999389648438
2025-09-22,31.8799991607666,31.899999618530273,31.649999618530273,31.8799991607666
2025-09-23,31.75,31.8799991607666,31.739999771118164,31.75
2025-09-24,31.8799991607666,32.09000015258789,31.8799991607666,31.8799991607666
2025-09-25,32.09000015258789,32.301998138427734,32.040000915527344,32.09000015258789
2025-09-26,32.220001220703125,32.26499938964844,32.16400146484375,32.220001220703125
2025-09-29,32.189998626708984,32.279998779296875,32.13999938964844,32.189998626708984
2025-09-30,32.209999084472656,32.47999954223633,32.20000076293945,32.209999084472656
2025-10-01,32.459999084472656,32.516998291015625,32.277000427246094,32.459999084472656
2025-10-02,32.38999938964844,32.529998779296875,32.29499816894531,32.38999938964844
2025-10-03,32.439998626708984,32.47100067138672,32.284000396728516,32.439998626708984
2025-10-06,32.38999938964844,32.470001220703125,32.327999114990234,32.38999938964844
2025-10-07,32.459999084472656,32.54999923706055,32.417999267578125,32.459999084472656
2025-10-08,32.47999954223633,32.540000915527344,32.19499969482422,32.47999954223633
2025-10-09,32.54999923706055,32.720001220703125,32.5099983215332,32.54999923706055
2025-10-10,32.77000045776367,32.79399871826172,32.60900115966797,32.77000045776367
2025-10-13,32.619998931884766,32.63999938964844,32.479000091552734,32.619998931884766
2025-10-14,32.59000015258789,32.810001373291016,32.52000045776367,32.59000015258789
2025-10-15,32.599998474121094,32.630001068115234,32.41899871826172,32.599998474121094
2025-10-16,32.529998779296875,32.630001068115234,32.400001525878906,32.529998779296875
2025-10-17,32.5,32.888999938964844,32.45000076293945,32.5
2025-10-20,32.75,32.83000183105469,32.51499938964844,32.75
2025-10-21,32.529998779296875,32.87200164794922,32.4900016784668,32.529998779296875
2025-10-22,32.86000061035156,32.900001525878906,32.72999954223633,32.86000061035156
2025-10-23,32.779998779296875,32.85599899291992,32.70000076293945,32.779998779296875
2025-10-24,32.79999923706055,32.82600021362305,32.63800048828125,32.79999923706055
2025-10-27,32.68000030517578,32.755001068115234,32.58000183105469,32.68000030517578
2025-10-28,32.619998931884766,32.66600036621094,32.2599983215332,32.619998931884766
2025-10-29,32.34000015258789,32.40700149536133,32.209999084472656,32.34000015258789
2025-10-30,32.400001525878906,32.512001037597656,32.33000183105469,32.400001525878906
2025-10-31,32.29999923706055,32.380001068115234,32.2599983215332,32.29999923706055
2025-11-03,32.3650016784668,32.5,32.349998474121094,32.3650016784668
2025-11-04,32.4900016784668,32.619998931884766,32.47999954223633,32.4900016784668
2025-11-05,32.560001373291016,32.61000061035156,32.439998626708984,32.560001373291016
2025-11-06,32.4900016784668,32.4900016784668,32.316001892089844,32.4900016784668
2025-11-07,32.369998931884766,32.40999984741211,32.303001403808594,32.369998931884766
2025-11-10,32.27000045776367,32.38999938964844,32.150001525878906,32.369998931884766
2025-11-11,32.36000061035156,32.45100021362305,32.310001373291016,32.349998474121094
2025-11-12,32.380001068115234,32.52799987792969,32.31999969482422,32.36000061035156
2025-11-13,32.34000015258789,32.400001525878906,32.2400016784668,32.349998474121094
2025-11-14,32.349998474121094,32.470001220703125,32.29999923706055,32.349998474121094
2025-11-17,32.29999923706055,32.483001708984375,32.279998779296875,32.380001068115234
2025-11-18,32.470001220703125,32.49300003051758,32.349998474121094,32.470001220703125
2025-11-19,32.380001068115234,32.452999114990234,32.349998474121094,32.369998931884766
2025-11-20,32.45000076293945,32.50400161743164,32.10100173950195,32.439998626708984
2025-11-21,32.45000076293945,32.52199935913086,32.37699890136719,32.439998626708984
2025-11-24,32.47999954223633,32.52199935913086,32.369998931884766,32.369998931884766
2025-11-25,32.349998474121094,32.38999938964844,32.22800064086914,32.349998474121094
2025-11-26,32.279998779296875,32.279998779296875,32.17100143432617,32.279998779296875
2025-11-27,32.20000076293945,32.25,32.18000030517578,32.20000076293945
2025-11-28,32.220001220703125,32.22999954223633,32.0890007019043,32.209999084472656
2025-12-01,32.02000045776367,32.13999938964844,31.905000686645508,32.084999084472656
2025-12-02,32.0099983215332,32.06999969482422,31.959999084472656,32.0099983215332
2025-12-03,32.0099983215332,32.0099983215332,31.83799934387207,32.0099983215332
2025-12-04,31.899999618530273,32.06999969482422,31.8700008392334,31.889999389648438
2025-12-05,32.029998779296875,32.040000915527344,31.809999465942383,32.02000045776367
2025-12-08,31.84000015258789,31.934999465942383,31.790000915527344,31.850000381469727
2025-12-09,31.90999984741211,31.920000076293945,31.790000915527344,31.899999618530273
2025-12-10,31.799999237060547,31.861000061035156,31.780000686645508,31.799999237060547
2025-12-11,31.739999771118164,31.809999465942383,31.600000381469727,31.739999771118164
2025-12-12,31.6200008392334,31.694000244140625,31.489999771118164,31.6299991607666
2025-12-15,31.5,31.541000366210938,31.399999618530273,31.56999969482422
2025-12-16,31.469999313354492,31.549999237060547,31.3799991607666,31.469999313354492
2025-12-17,31.450000762939453,31.538000106811523,31.399999618530273,31.440000534057617
2025-12-18,31.489999771118164,31.506999969482422,31.350000381469727,31.489999771118164
2025-12-19,31.399999618530273,31.479999542236328,31.360000610351562,31.399999618530273
2025-12-22,31.43000030517578,31.43000030517578,31.110000610351562,31.399999618530273
2025-12-23,31.1200008392334,31.200000762939453,31.076000213623047,31.1200008392334
2025-12-24,31.100000381469727,31.115999221801758,31.0,31.110000610351562
2025-12-26,31.049999237060547,31.10700035095215,30.989999771118164,31.040000915527344
2025-12-29,31.059999465942383,31.67099952697754,31.059999465942383,31.045000076293945
2025-12-30,31.649999618530273,31.649999618530273,31.3799991607666,31.639999389648438
2025-12-31,31.450000762939453,31.67099952697754,31.40999984741211,31.450000762939453
2026-01-02,31.5,31.540000915527344,31.360000610351562,31.5
2026-01-05,31.510000228881836,31.600000381469727,31.270000457763672,31.454999923706055
2026-01-06,31.309999465942383,31.31999969482422,31.149999618530273,31.309999465942383
2026-01-07,31.190000534057617,31.382999420166016,31.18000030517578,31.200000762939453
2026-01-08,31.31999969482422,31.559999465942383,31.309999465942383,31.329999923706055
2026-01-09,31.420000076293945,31.489999771118164,31.344999313354492,31.420000076293945
2026-01-12,31.350000381469727,31.350000381469727,31.170000076293945,31.3799991607666
2026-01-13,31.229999542236328,31.507999420166016,31.219999313354492,31.219999313354492
2026-01-14,31.530000686645508,31.540000915527344,31.3799991607666,31.530000686645508
2026-01-15,31.479999542236328,31.535999298095703,31.33799934387207,31.469999313354492
2026-01-16,31.389999389648438,31.540000915527344,31.31999969482422,31.389999389648438
2026-01-19,31.329999923706055,31.34000015258789,31.209999084472656,31.385000228881836
2026-01-20,31.239999771118164,31.270000457763672,31.020000457763672,31.239999771118164
2026-01-21,31.010000228881836,31.219999313354492,30.8700008392334,31.010000228881836
2026-01-22,31.290000915527344,31.430999755859375,31.121999740600586,31.290000915527344
2026-01-23,31.06999969482422,31.290000915527344,31.059999465942383,31.06999969482422
2026-01-26,30.90999984741211,31.183000564575195,30.81999969482422,31.19499969482422
2026-01-27,31.209999084472656,31.290000915527344,30.990999221801758,31.200000762939453
2026-01-28,30.90999984741211,31.183000564575195,30.860000610351562,30.90999984741211
2026-01-29,31.110000610351562,31.447999954223633,30.964000701904297,31.110000610351562
2026-01-30,31.239999771118164,31.520000457763672,31.219999313354492,31.229999542236328
2026-02-02,31.489999771118164,31.790000915527344,31.489999771118164,31.375
2026-02-03,31.489999771118164,31.632999420166016,31.31999969482422,31.479999542236328
2026-02-04,31.649999618530273,31.746000289916992,31.51799964904785,31.649999618530273
2026-02-05,31.719999313354492,31.8799991607666,31.667999267578125,31.719999313354492
2026-02-06,31.84000015258789,31.8799991607666,31.5,31.829999923706055
2026-02-09,31.510000228881836,31.510000228881836,31.075000762939453,31.510000228881836
2026-02-10,31.15999984741211,31.26799964904785,31.059999465942383,31.170000076293945
2026-02-11,31.229999542236328,31.260000228881836,30.989999771118164,31.229999542236328
2026-02-12,31.079999923706055,31.114999771118164,30.920000076293945,31.06999969482422
2026-02-13,31.06999969482422,31.165000915527344,31.011999130249023,31.079999923706055
2026-02-16,31.020000457763672,31.139999389648438,30.965999603271484,31.05500030517578
2026-02-17,31.110000610351562,31.3799991607666,31.100000381469727,31.110000610351562
2026-02-18,31.299999237060547,31.309999465942383,31.139999389648438,31.309999465942383
2026-02-19,31.239999771118164,31.28499984741211,31.100000381469727,31.25
2026-02-20,31.170000076293945,31.239999771118164,31.100000381469727,31.15999984741211
2026-02-23,31.010000228881836,31.059999465942383,30.950000762939453,31.093000411987305
2026-02-24,30.969999313354492,31.1299991607666,30.959999084472656,30.969999313354492
2026-02-25,31.079999923706055,31.11400032043457,30.950000762939453,31.079999923706055
2026-02-26,31.049999237060547,31.15999984741211,31.010000228881836,31.049999237060547
2026-02-27,31.06999969482422,31.139999389648438,30.989999771118164,31.079999923706055
2026-03-02,31.209999084472656,31.53700065612793,31.110000610351562,31.135000228881836
2026-03-03,31.34000015258789,31.934999465942383,31.329999923706055,31.329999923706055
2026-03-04,31.579999923706055,31.770000457763672,31.302000045776367,31.559999465942383
2026-03-05,31.579999923706055,31.820999145507812,31.452999114990234,31.579999923706055
2026-03-06,31.770000457763672,31.9950008392334,31.65999984741211,31.75
2026-03-09,32.099998474121094,32.180999755859375,31.95199966430664,31.635000228881836
2026-03-10,31.75,31.802000045776367,31.44099998474121,31.739999771118164
2026-03-11,31.579999923706055,31.815000534057617,31.483999252319336,31.56999969482422
2026-03-12,31.950000762939453,32.16999816894531,31.739999771118164,31.940000534057617
2026-03-13,32.150001525878906,32.38999938964844,32.08000183105469,32.150001525878906
2026-03-16,32.349998474121094,32.54199981689453,32.233001708984375,32.303001403808594
2026-03-17,32.349998474121094,32.53300094604492,32.2599983215332,32.349998474121094
2026-03-18,32.33000183105469,32.69200134277344,32.25,32.31999969482422
2026-03-19,32.810001373291016,32.91999816894531,32.68000030517578,32.79999923706055
2026-03-20,32.5,32.89400100708008,32.47999954223633,32.5
2026-03-23,32.869998931884766,33.05699920654297,32.07600021362305,32.882999420166016
2026-03-24,32.400001525878906,32.7400016784668,32.36000061035156,32.40999984741211
2026-03-25,32.47999954223633,32.777000427246094,32.41999816894531,32.470001220703125
2026-03-26,32.77000045776367,32.91699981689453,32.720001220703125,32.77000045776367
2026-03-27,32.95000076293945,33.0099983215332,32.70100021362305,32.959999084472656
2026-03-30,32.95000076293945,33.0,32.70000076293945,32.959999084472656
2026-03-31,32.849998474121094,32.97999954223633,32.62900161743164,32.849998474121094
2026-04-01,32.529998779296875,32.74399948120117,32.46099853515625,32.5099983215332
2026-04-02,32.599998474121094,32.801998138427734,32.507999420166016,32.599998474121094
2026-04-03,32.599998474121094,32.709999084472656,32.540000915527344,32.599998474121094
2026-04-06,32.689998626708984,32.709999084472656,32.40599822998047,32.689998626708984
2026-04-07,32.599998474121094,32.694000244140625,32.470001220703125,32.58000183105469
2026-04-08,32.08000183105469,32.16999816894531,31.864999771118164,32.06999969482422
2026-04-09,32.08000183105469,32.15999984741211,31.965999603271484,32.06999969482422
2026-04-10,32.06999969482422,32.207000732421875,31.996000289916992,32.04999923706055
2026-04-13,32.31999969482422,32.34000015258789,32.112998962402344,32.31999969482422
2026-04-14,32.02000045776367,32.090999603271484,31.94499969482422,32.0099983215332
2026-04-15,31.979999542236328,32.165000915527344,31.920000076293945,31.979999542236328
2026-04-16,32.0099983215332,32.029998779296875,31.857999801635742,31.989999771118164
2026-04-17,32.040000915527344,32.150001525878906,31.724000930786133,32.040000915527344
2026-04-20,32.130001068115234,32.13999938964844,31.972999572753906,32.130001068115234
2026-04-21,32.02000045776367,32.19499969482422,31.989999771118164,32.0
2026-04-22,32.16999816894531,32.27000045776367,32.08000183105469,32.18000030517578
2026-04-23,32.25,32.47999954223633,32.22999954223633,32.25
2026-04-24,32.470001220703125,32.512001037597656,32.30500030517578,32.47999954223633
2026-04-27,32.40999984741211,32.41999816894531,32.27000045776367,32.41999816894531
2026-04-28,32.36000061035156,32.566001892089844,32.33000183105469,32.349998474121094
2026-04-29,32.47999954223633,32.7760009765625,32.459999084472656,32.4900016784668
2026-04-30,32.75,32.84000015258789,32.48400115966797,32.75
2026-05-01,32.4900016784668,32.61000061035156,32.310001373291016,32.5
2026-05-04,32.5,32.75600051879883,32.400001525878906,32.47999954223633
2026-05-05,32.72999954223633,32.79999923706055,32.5,32.72999954223633
2026-05-06,32.41999816894531,32.52000045776367,32.02399826049805,32.43000030517578
2026-05-07,32.2400016784668,32.34400177001953,32.047000885009766,32.22999954223633
2026-05-08,32.27000045776367,32.310001373291016,32.14899826049805,32.25
2026-05-11,32.279998779296875,32.47600173950195,32.22700119018555,32.27000045776367
2026-05-12,32.2599983215332,32.470001220703125,32.2599983215332,32.27000045776367
2026-05-13,32.305999755859375,32.4010009765625,32.29499816894531,32.36000061035156
2026-05-14,32.27199935913086,32.37200164794922,32.27199935913086,32.270999908447266
2026-05-15,32.45000076293945,32.685001373291016,32.41299819946289,32.40700149536133
2026-05-18,32.68000030517578,32.77799987792969,32.470001220703125,32.68000030517578
2026-05-19,32.472999572753906,32.750999450683594,32.472999572753906,32.47800064086914
2026-05-20,32.6619987487793,32.76499938964844,32.44300079345703,32.65800094604492
2026-05-21,32.51499938964844,32.720001220703125,32.51100158691406,32.52299880981445
2026-05-22,32.55699920654297,32.69200134277344,32.55699920654297,32.56999969482422
2026-05-25,32.540000915527344,32.720001220703125,32.393001556396484,32.529998779296875
2026-05-26,32.49700164794922,32.66999816894531,32.4900016784668,32.5
2026-05-27,32.619998931884766,32.641998291015625,32.529998779296875,32.62900161743164
2026-05-28,32.650001525878906,32.73699951171875,32.5369987487793,32.650001525878906
2026-05-29,32.54999923706055,32.61399841308594,32.42599868774414,32.540000915527344
2026-06-01,32.58000183105469,32.69599914550781,32.50600051879883,32.58000183105469
2026-06-02,32.55699920654297,32.64799880981445,32.5,32.55699920654297
2026-06-03,32.68000030517578,32.78200149536133,32.624000549316406,32.689998626708984
2026-06-04,32.645999908447266,32.72200012207031,32.564998626708984,32.645999908447266
2026-06-05,32.68000030517578,32.810001373291016,32.45000076293945,32.62300109863281
2026-06-07,32.790000915527344,32.81999969482422,32.790000915527344,32.810001373291016
