Date,soybean_meal_open,soybean_meal_high,soybean_meal_low,soybean_meal_close
2023-01-03,475.6000061035156,480.1000061035156,471.0,476.79998779296875
2023-01-04,478.70001220703125,483.5,475.0,482.5
2023-01-05,483.8999938964844,490.79998779296875,477.20001220703125,488.70001220703125
2023-01-06,492.8999938964844,503.1000061035156,492.8999938964844,503.1000061035156
2023-01-09,503.1000061035156,503.1000061035156,494.70001220703125,496.70001220703125
2023-01-10,495.1000061035156,505.1000061035156,492.20001220703125,500.8999938964844
2023-01-11,502.1000061035156,509.79998779296875,502.1000061035156,505.0
2023-01-12,511.6000061035156,515.2999877929688,507.70001220703125,513.0
2023-01-13,516.5,516.5999755859375,513.0,513.0
2023-01-17,473.70001220703125,481.6000061035156,468.3999938964844,481.20001220703125
2023-01-18,480.3999938964844,487.0,472.29998779296875,478.1000061035156
2023-01-19,478.3999938964844,480.29998779296875,470.79998779296875,471.20001220703125
2023-01-20,471.29998779296875,473.5,462.8999938964844,463.70001220703125
2023-01-23,462.0,463.5,452.79998779296875,461.8999938964844
2023-01-24,462.5,472.3999938964844,458.6000061035156,459.79998779296875
2023-01-25,459.79998779296875,467.3999938964844,454.79998779296875,465.5
2023-01-26,467.3999938964844,478.20001220703125,465.29998779296875,477.1000061035156
2023-01-27,477.1000061035156,481.70001220703125,471.29998779296875,473.5
2023-01-30,475.79998779296875,490.29998779296875,475.29998779296875,488.70001220703125
2023-01-31,489.1000061035156,489.20001220703125,480.5,484.20001220703125
2023-02-01,483.29998779296875,487.79998779296875,479.0,484.70001220703125
2023-02-02,484.8999938964844,493.6000061035156,484.8999938964844,491.79998779296875
2023-02-03,491.6000061035156,500.3999938964844,487.29998779296875,496.5
2023-02-06,498.0,500.0,487.3999938964844,489.0
2023-02-07,489.0,490.20001220703125,479.20001220703125,481.3999938964844
2023-02-08,481.5,487.8999938964844,477.79998779296875,481.8999938964844
2023-02-09,481.6000061035156,497.5,479.70001220703125,495.5
2023-02-10,495.0,501.0,490.5,499.3999938964844
2023-02-13,500.79998779296875,508.20001220703125,500.29998779296875,504.0
2023-02-14,503.0,506.1000061035156,499.3999938964844,501.0
2023-02-15,501.0,501.79998779296875,490.5,491.1000061035156
2023-02-16,492.20001220703125,492.6000061035156,487.79998779296875,491.3999938964844
2023-02-17,491.8999938964844,497.8999938964844,488.8999938964844,491.1000061035156
2023-02-21,496.1000061035156,501.5,492.70001220703125,497.70001220703125
2023-02-22,497.3999938964844,498.79998779296875,491.20001220703125,492.6000061035156
2023-02-23,492.6000061035156,494.5,490.1000061035156,493.1000061035156
2023-02-24,493.6000061035156,500.79998779296875,490.0,497.1000061035156
2023-02-27,497.6000061035156,501.6000061035156,495.3999938964844,498.70001220703125
2023-02-28,499.79998779296875,499.79998779296875,485.70001220703125,487.6000061035156
2023-03-01,487.79998779296875,492.3999938964844,487.0,490.3999938964844
2023-03-02,490.3999938964844,493.79998779296875,488.3999938964844,489.29998779296875
2023-03-03,489.70001220703125,499.5,488.1000061035156,498.1000061035156
2023-03-06,496.5,509.70001220703125,496.5,507.8999938964844
2023-03-07,507.8999938964844,510.79998779296875,500.20001220703125,501.5
2023-03-08,502.3999938964844,506.0,496.5,498.3999938964844
2023-03-09,501.8999938964844,503.0,495.0,498.8999938964844
2023-03-10,499.8999938964844,499.8999938964844,493.70001220703125,498.79998779296875
2023-03-13,502.0,502.0,492.20001220703125,492.20001220703125
2023-03-14,487.5,492.20001220703125,487.5,492.20001220703125
2023-03-15,481.3999938964844,485.29998779296875,474.5,478.3999938964844
2023-03-16,479.20001220703125,481.5,472.3999938964844,474.0
2023-03-17,474.79998779296875,475.8999938964844,463.79998779296875,466.0
2023-03-20,465.0,468.0,457.5,462.70001220703125
2023-03-21,462.0,468.3999938964844,459.70001220703125,460.6000061035156
2023-03-22,460.70001220703125,462.29998779296875,451.0,451.6000061035156
2023-03-23,453.1000061035156,455.29998779296875,437.3999938964844,438.29998779296875
2023-03-24,439.79998779296875,446.6000061035156,435.0,445.1000061035156
2023-03-27,445.29998779296875,447.5,439.6000061035156,446.0
2023-03-28,445.0,458.70001220703125,444.79998779296875,457.8999938964844
2023-03-29,457.29998779296875,461.8999938964844,455.3999938964844,458.20001220703125
2023-03-30,458.0,465.0,456.70001220703125,459.8999938964844
2023-03-31,458.5,469.0,453.1000061035156,466.0
2023-04-03,463.8999938964844,467.5,459.3999938964844,464.20001220703125
2023-04-04,464.0,464.0,454.29998779296875,457.3999938964844
2023-04-05,457.3999938964844,458.1000061035156,450.1000061035156,450.6000061035156
2023-04-06,450.6000061035156,455.3999938964844,445.3999938964844,454.29998779296875
2023-04-10,454.29998779296875,457.8999938964844,449.1000061035156,450.70001220703125
2023-04-11,451.6000061035156,459.70001220703125,451.29998779296875,457.79998779296875
2023-04-12,458.1000061035156,463.20001220703125,455.29998779296875,460.20001220703125
2023-04-13,460.20001220703125,470.20001220703125,459.6000061035156,463.6000061035156
2023-04-14,463.3999938964844,465.70001220703125,459.0,459.70001220703125
2023-04-17,459.70001220703125,466.20001220703125,457.29998779296875,465.70001220703125
2023-04-18,465.70001220703125,471.1000061035156,458.20001220703125,461.1000061035156
2023-04-19,460.70001220703125,462.20001220703125,453.5,454.3999938964844
2023-04-20,454.6000061035156,455.1000061035156,448.20001220703125,451.29998779296875
2023-04-21,451.29998779296875,452.29998779296875,444.5,445.70001220703125
2023-04-24,445.79998779296875,449.0,439.20001220703125,439.5
2023-04-25,438.70001220703125,441.20001220703125,433.0,434.79998779296875
2023-04-26,436.0,437.0,425.5,426.0
2023-04-27,427.0,428.5,422.0,427.8999938964844
2023-04-28,429.0,436.70001220703125,425.0,435.29998779296875
2023-05-01,433.79998779296875,436.20001220703125,433.70001220703125,435.29998779296875
2023-05-02,435.29998779296875,437.29998779296875,429.79998779296875,429.79998779296875
2023-05-03,429.79998779296875,429.79998779296875,423.8999938964844,427.79998779296875
2023-05-04,425.0,428.1000061035156,420.5,427.29998779296875
2023-05-05,428.0,429.79998779296875,427.8999938964844,428.8999938964844
2023-05-08,428.0,428.8999938964844,425.20001220703125,425.5
2023-05-09,420.3999938964844,420.3999938964844,416.3999938964844,416.3999938964844
2023-05-10,415.0,417.8999938964844,415.0,417.8999938964844
2023-05-11,415.0,427.20001220703125,415.0,426.6000061035156
2023-05-12,426.70001220703125,428.1000061035156,426.70001220703125,428.1000061035156
2023-05-15,433.3999938964844,442.29998779296875,430.5,430.8999938964844
2023-05-16,430.70001220703125,430.8999938964844,424.5,426.8999938964844
2023-05-17,426.8999938964844,429.8999938964844,423.8999938964844,425.29998779296875
2023-05-18,424.79998779296875,425.29998779296875,413.70001220703125,414.1000061035156
2023-05-19,414.0,417.5,408.6000061035156,409.1000061035156
2023-05-22,409.1000061035156,416.8999938964844,407.5,412.20001220703125
2023-05-23,412.20001220703125,413.29998779296875,405.8999938964844,406.3999938964844
2023-05-24,406.3999938964844,410.6000061035156,400.70001220703125,402.20001220703125
2023-05-25,402.20001220703125,405.5,395.6000061035156,397.20001220703125
2023-05-26,398.3999938964844,407.0,397.0,402.20001220703125
2023-05-30,402.20001220703125,402.8999938964844,391.70001220703125,392.6000061035156
2023-05-31,393.5,394.5,386.29998779296875,393.3999938964844
2023-06-01,393.29998779296875,404.3999938964844,392.79998779296875,401.3999938964844
2023-06-02,401.1000061035156,404.20001220703125,396.70001220703125,397.79998779296875
2023-06-05,398.5,402.29998779296875,397.20001220703125,401.20001220703125
2023-06-06,401.5,405.8999938964844,395.79998779296875,396.70001220703125
2023-06-07,396.70001220703125,405.79998779296875,396.1000061035156,405.20001220703125
2023-06-08,404.70001220703125,408.3999938964844,401.0,404.0
2023-06-09,403.6000061035156,407.1000061035156,396.79998779296875,397.20001220703125
2023-06-12,398.20001220703125,403.8999938964844,395.6000061035156,397.3999938964844
2023-06-13,397.3999938964844,404.0,396.0,397.5
2023-06-14,398.0,398.79998779296875,388.70001220703125,389.70001220703125
2023-06-15,390.8999938964844,394.5,386.5,394.20001220703125
2023-06-16,393.70001220703125,417.0,392.3999938964844,416.3999938964844
2023-06-20,418.8999938964844,423.6000061035156,411.1000061035156,412.79998779296875
2023-06-21,418.1000061035156,441.20001220703125,417.3999938964844,439.20001220703125
2023-06-22,438.0,439.3999938964844,423.79998779296875,424.70001220703125
2023-06-23,423.6000061035156,424.3999938964844,408.5,410.70001220703125
2023-06-26,411.0,421.0,409.0,414.6000061035156
2023-06-27,415.5,415.5,406.0,407.29998779296875
2023-06-28,408.20001220703125,408.20001220703125,396.0,401.79998779296875
2023-06-29,402.20001220703125,404.6000061035156,399.29998779296875,403.0
2023-06-30,404.20001220703125,424.0,403.79998779296875,419.20001220703125
2023-07-03,433.3999938964844,433.3999938964844,417.3999938964844,418.6000061035156
2023-07-05,421.3999938964844,425.3999938964844,413.5,417.8999938964844
2023-07-06,417.8999938964844,418.5,414.0,415.6000061035156
2023-07-07,411.6000061035156,412.8999938964844,409.0,409.6000061035156
2023-07-10,414.0,415.29998779296875,411.29998779296875,412.29998779296875
2023-07-11,422.8999938964844,422.8999938964844,422.0,422.29998779296875
2023-07-12,426.6000061035156,435.20001220703125,421.3999938964844,421.3999938964844
2023-07-13,428.70001220703125,432.3999938964844,428.70001220703125,430.8999938964844
2023-07-14,426.79998779296875,430.0,426.79998779296875,430.0
2023-07-17,426.6000061035156,435.0,424.8999938964844,434.3999938964844
2023-07-18,433.79998779296875,446.8999938964844,431.70001220703125,442.70001220703125
2023-07-19,442.70001220703125,451.70001220703125,439.0,443.79998779296875
2023-07-20,443.0,449.0,439.1000061035156,440.5
2023-07-21,440.0,444.0,434.29998779296875,442.79998779296875
2023-07-24,445.29998779296875,451.79998779296875,443.0,447.29998779296875
2023-07-25,448.1000061035156,454.3999938964844,446.29998779296875,453.79998779296875
2023-07-26,453.79998779296875,464.79998779296875,452.6000061035156,464.70001220703125
2023-07-27,465.3999938964844,472.5,463.0,464.5
2023-07-28,463.8999938964844,463.8999938964844,451.79998779296875,455.20001220703125
2023-07-31,455.20001220703125,455.3999938964844,447.6000061035156,451.20001220703125
2023-08-01,451.20001220703125,460.8999938964844,451.20001220703125,456.1000061035156
2023-08-02,456.1000061035156,458.3999938964844,447.5,451.79998779296875
2023-08-03,451.79998779296875,461.70001220703125,449.0,451.20001220703125
2023-08-04,452.0,457.0,443.20001220703125,444.1000061035156
2023-08-07,448.1000061035156,448.1000061035156,430.0,446.20001220703125
2023-08-08,448.3999938964844,451.1000061035156,433.20001220703125,433.20001220703125
2023-08-09,436.29998779296875,443.8999938964844,426.29998779296875,426.29998779296875
2023-08-10,433.8999938964844,435.6000061035156,429.6000061035156,429.6000061035156
2023-08-11,431.1000061035156,436.8999938964844,428.70001220703125,436.8999938964844
2023-08-14,445.0,462.29998779296875,445.0,462.29998779296875
2023-08-15,413.5,416.1000061035156,403.1000061035156,403.79998779296875
2023-08-16,404.1000061035156,408.70001220703125,403.79998779296875,404.5
2023-08-17,406.3999938964844,406.3999938964844,397.20001220703125,399.6000061035156
2023-08-18,400.3999938964844,405.0,399.0,403.8999938964844
2023-08-21,405.0,412.3999938964844,403.20001220703125,409.79998779296875
2023-08-22,410.0,416.79998779296875,401.29998779296875,406.29998779296875
2023-08-23,405.8999938964844,413.8999938964844,403.3999938964844,413.0
2023-08-24,414.5,424.29998779296875,414.0,422.70001220703125
2023-08-25,423.0,426.79998779296875,420.6000061035156,422.79998779296875
2023-08-28,424.6000061035156,428.0,421.5,425.70001220703125
2023-08-29,425.1000061035156,426.0,418.5,419.29998779296875
2023-08-30,420.0,423.3999938964844,411.79998779296875,423.0
2023-08-31,424.0,424.0,418.0,418.70001220703125
2023-09-01,418.70001220703125,423.79998779296875,412.0,412.70001220703125
2023-09-05,413.0,413.0,403.1000061035156,406.29998779296875
2023-09-06,409.20001220703125,411.5,406.0,408.1000061035156
2023-09-07,407.1000061035156,407.1000061035156,403.3999938964844,403.3999938964844
2023-09-08,403.1000061035156,411.8999938964844,403.0,411.8999938964844
2023-09-11,414.6000061035156,415.0,408.6000061035156,412.0
2023-09-12,408.0,409.0,405.20001220703125,405.20001220703125
2023-09-13,401.5,404.0,401.5,401.8999938964844
2023-09-14,401.8999938964844,401.8999938964844,401.8999938964844,401.8999938964844
2023-09-15,400.3999938964844,403.20001220703125,393.29998779296875,393.6000061035156
2023-09-18,393.20001220703125,394.6000061035156,390.1000061035156,390.3999938964844
2023-09-19,390.3999938964844,393.1000061035156,389.0,391.5
2023-09-20,391.70001220703125,399.5,391.3999938964844,397.20001220703125
2023-09-21,397.29998779296875,397.79998779296875,390.1000061035156,390.29998779296875
2023-09-22,390.29998779296875,393.6000061035156,387.70001220703125,388.20001220703125
2023-09-25,388.3999938964844,393.3999938964844,386.79998779296875,392.0
2023-09-26,392.0,395.5,388.20001220703125,394.0
2023-09-27,395.0,398.1000061035156,389.20001220703125,390.1000061035156
2023-09-28,390.20001220703125,394.5,388.70001220703125,392.3999938964844
2023-09-29,392.3999938964844,392.3999938964844,374.29998779296875,375.8999938964844
2023-10-02,377.29998779296875,381.3999938964844,367.29998779296875,367.6000061035156
2023-10-03,364.0,364.0,360.0,363.20001220703125
2023-10-04,366.0,368.79998779296875,362.5,368.70001220703125
2023-10-05,368.79998779296875,373.6000061035156,362.6000061035156,373.6000061035156
2023-10-06,371.3999938964844,374.20001220703125,367.5,367.6000061035156
2023-10-09,370.0,375.79998779296875,368.0,370.8999938964844
2023-10-10,372.1000061035156,377.29998779296875,370.29998779296875,372.0
2023-10-11,377.5,377.5,369.0,374.29998779296875
2023-10-12,387.6000061035156,387.6000061035156,387.6000061035156,387.6000061035156
2023-10-13,387.6000061035156,387.6000061035156,387.6000061035156,387.6000061035156
2023-10-16,390.0,392.8999938964844,386.8999938964844,390.20001220703125
2023-10-17,390.5,401.1000061035156,390.1000061035156,399.79998779296875
2023-10-18,399.79998779296875,415.1000061035156,398.8999938964844,413.79998779296875
2023-10-19,413.70001220703125,424.29998779296875,412.0,423.0
2023-10-20,423.0,425.70001220703125,416.8999938964844,423.8999938964844
2023-10-23,424.6000061035156,429.0,417.0,420.5
2023-10-24,421.0,434.79998779296875,413.3999938964844,434.20001220703125
2023-10-25,433.6000061035156,439.3999938964844,424.79998779296875,429.20001220703125
2023-10-26,427.3999938964844,433.20001220703125,422.1000061035156,429.5
2023-10-27,429.5,448.3999938964844,428.1000061035156,442.3999938964844
2023-10-30,441.3999938964844,442.1000061035156,424.3999938964844,426.5
2023-10-31,426.6000061035156,435.29998779296875,423.0,431.0
2023-11-01,431.0,432.6000061035156,424.0,430.3999938964844
2023-11-02,430.3999938964844,434.5,422.5,426.29998779296875
2023-11-03,427.29998779296875,445.0,424.3999938964844,442.1000061035156
2023-11-06,442.79998779296875,446.0,433.0,437.5
2023-11-07,438.5,456.29998779296875,436.5,447.3999938964844
2023-11-08,448.70001220703125,464.20001220703125,448.0,449.79998779296875
2023-11-09,450.79998779296875,453.1000061035156,443.0,449.8999938964844
2023-11-10,450.5,451.1000061035156,445.0,449.3999938964844
2023-11-13,450.0,474.3999938964844,448.70001220703125,469.1000061035156
2023-11-14,469.1000061035156,475.1000061035156,455.29998779296875,473.6000061035156
2023-11-15,473.70001220703125,479.0,464.20001220703125,469.20001220703125
2023-11-16,469.29998779296875,471.6000061035156,453.3999938964844,466.79998779296875
2023-11-17,465.3999938964844,467.79998779296875,451.8999938964844,453.29998779296875
2023-11-20,453.1000061035156,461.70001220703125,440.79998779296875,460.20001220703125
2023-11-21,460.29998779296875,467.5,454.5,459.20001220703125
2023-11-22,459.6000061035156,466.79998779296875,454.20001220703125,458.1000061035156
2023-11-24,458.1000061035156,463.79998779296875,456.70001220703125,457.3999938964844
2023-11-27,458.1000061035156,466.3999938964844,455.1000061035156,458.70001220703125
2023-11-28,459.6000061035156,465.0,450.0,450.29998779296875
2023-11-29,449.79998779296875,454.1000061035156,442.0,444.29998779296875
2023-11-30,449.6000061035156,449.6000061035156,440.0,442.20001220703125
2023-12-01,440.70001220703125,440.70001220703125,423.5,425.29998779296875
2023-12-04,423.5,432.29998779296875,419.0,422.29998779296875
2023-12-05,422.20001220703125,434.5,421.0,433.70001220703125
2023-12-06,436.70001220703125,437.29998779296875,423.0,424.3999938964844
2023-12-07,425.0,425.3999938964844,419.5,424.5
2023-12-08,431.6000061035156,431.6000061035156,421.70001220703125,424.20001220703125
2023-12-11,427.79998779296875,432.29998779296875,425.5,430.70001220703125
2023-12-12,432.5,434.0,427.79998779296875,429.20001220703125
2023-12-13,425.1000061035156,429.79998779296875,420.8999938964844,421.1000061035156
2023-12-14,421.1000061035156,421.1000061035156,421.1000061035156,421.1000061035156
2023-12-15,403.70001220703125,406.5,400.5,405.6000061035156
2023-12-18,406.0,413.5,401.8999938964844,412.79998779296875
2023-12-19,413.0,413.20001220703125,402.79998779296875,403.20001220703125
2023-12-20,403.6000061035156,405.5,396.29998779296875,399.8999938964844
2023-12-21,399.8999938964844,400.0,394.29998779296875,395.3999938964844
2023-12-22,396.0,401.0,394.20001220703125,399.6000061035156
2023-12-26,400.5,403.8999938964844,394.1000061035156,403.20001220703125
2023-12-27,402.79998779296875,403.20001220703125,397.1000061035156,398.8999938964844
2023-12-28,399.79998779296875,401.29998779296875,387.8999938964844,393.0
2023-12-29,390.79998779296875,392.0,384.29998779296875,386.0
2024-01-02,386.0,386.0,378.3999938964844,378.8999938964844
2024-01-03,379.6000061035156,381.6000061035156,375.20001220703125,381.0
2024-01-04,380.8999938964844,383.0,379.0,381.20001220703125
2024-01-05,380.3999938964844,380.3999938964844,368.6000061035156,368.6000061035156
2024-01-08,369.0,369.20001220703125,366.1000061035156,368.1000061035156
2024-01-09,365.0,367.0,364.0,366.0
2024-01-10,363.79998779296875,364.3999938964844,361.29998779296875,361.29998779296875
2024-01-11,366.1000061035156,367.0,361.3999938964844,361.3999938964844
2024-01-12,361.79998779296875,361.79998779296875,351.29998779296875,351.29998779296875
2024-01-16,363.20001220703125,371.70001220703125,363.20001220703125,371.1000061035156
2024-01-17,371.5,373.6000061035156,357.1000061035156,358.70001220703125
2024-01-18,358.70001220703125,362.3999938964844,355.5,361.29998779296875
2024-01-19,361.8999938964844,365.70001220703125,356.0,356.5
2024-01-22,356.5,358.0,351.3999938964844,355.79998779296875
2024-01-23,356.20001220703125,361.70001220703125,355.20001220703125,361.1000061035156
2024-01-24,361.0,366.1000061035156,360.3999938964844,363.29998779296875
2024-01-25,363.29998779296875,366.79998779296875,357.0,358.20001220703125
2024-01-26,357.8999938964844,360.1000061035156,348.6000061035156,349.0
2024-01-29,349.8999938964844,359.0,346.20001220703125,354.29998779296875
2024-01-30,354.29998779296875,364.0,352.5,363.0
2024-01-31,363.0,369.70001220703125,359.0,368.29998779296875
2024-02-01,368.29998779296875,370.3999938964844,358.79998779296875,361.70001220703125
2024-02-02,361.70001220703125,365.5,356.1000061035156,356.79998779296875
2024-02-05,356.79998779296875,361.5,353.20001220703125,361.1000061035156
2024-02-06,361.0,362.6000061035156,355.8999938964844,358.79998779296875
2024-02-07,358.79998779296875,359.79998779296875,350.0,351.20001220703125
2024-02-08,351.0,354.6000061035156,343.5,347.1000061035156
2024-02-09,347.1000061035156,349.3999938964844,341.0,346.79998779296875
2024-02-12,347.1000061035156,355.8999938964844,346.5,348.8999938964844
2024-02-13,348.8999938964844,350.29998779296875,343.5,344.79998779296875
2024-02-14,344.79998779296875,348.5,342.29998779296875,343.29998779296875
2024-02-15,343.3999938964844,346.3999938964844,339.0,339.5
2024-02-16,339.70001220703125,347.79998779296875,339.29998779296875,345.6000061035156
2024-02-20,346.6000061035156,352.3999938964844,346.3999938964844,347.6000061035156
2024-02-21,348.0,348.20001220703125,341.5,342.0
2024-02-22,342.29998779296875,344.1000061035156,334.3999938964844,334.8999938964844
2024-02-23,334.8999938964844,336.6000061035156,328.0,331.5
2024-02-26,332.5,335.3999938964844,330.5,334.3999938964844
2024-02-27,334.5,339.79998779296875,326.70001220703125,327.79998779296875
2024-02-28,328.5,333.6000061035156,328.0,331.29998779296875
2024-02-29,330.79998779296875,335.6000061035156,328.0,333.29998779296875
2024-03-01,334.3999938964844,336.8999938964844,333.0,334.0
2024-03-04,337.8999938964844,339.6000061035156,334.0,335.20001220703125
2024-03-05,335.5,335.5,329.29998779296875,331.20001220703125
2024-03-06,328.20001220703125,335.29998779296875,327.8999938964844,334.8999938964844
2024-03-07,338.29998779296875,339.8999938964844,334.0,339.8999938964844
2024-03-08,334.29998779296875,341.3999938964844,332.0,341.29998779296875
2024-03-11,335.8999938964844,343.29998779296875,331.1000061035156,337.1000061035156
2024-03-12,333.29998779296875,333.79998779296875,333.29998779296875,333.79998779296875
2024-03-13,328.5,331.0,326.8999938964844,331.0
2024-03-14,333.20001220703125,333.20001220703125,333.20001220703125,333.20001220703125
2024-03-15,337.79998779296875,339.6000061035156,332.8999938964844,334.70001220703125
2024-03-18,334.8999938964844,338.1000061035156,331.29998779296875,331.8999938964844
2024-03-19,331.79998779296875,334.70001220703125,329.29998779296875,333.8999938964844
2024-03-20,334.1000061035156,343.0,333.5,342.5
2024-03-21,342.5,347.6000061035156,338.79998779296875,344.29998779296875
2024-03-22,344.5,345.5,337.29998779296875,339.1000061035156
2024-03-25,338.8999938964844,342.79998779296875,336.6000061035156,341.70001220703125
2024-03-26,341.5,341.70001220703125,338.5,339.79998779296875
2024-03-27,339.20001220703125,341.8999938964844,338.20001220703125,339.0
2024-03-28,338.79998779296875,339.29998779296875,332.79998779296875,337.70001220703125
2024-04-01,338.29998779296875,338.70001220703125,331.29998779296875,333.3999938964844
2024-04-02,333.29998779296875,334.5,327.0,328.29998779296875
2024-04-03,328.5,331.3999938964844,325.1000061035156,330.0
2024-04-04,330.0,333.8999938964844,327.79998779296875,333.5
2024-04-05,331.5,335.6000061035156,329.6000061035156,333.1000061035156
2024-04-08,333.1000061035156,338.29998779296875,332.29998779296875,336.0
2024-04-09,335.6000061035156,338.5,332.29998779296875,335.6000061035156
2024-04-10,335.6000061035156,336.8999938964844,330.6000061035156,330.8999938964844
2024-04-11,330.8999938964844,336.29998779296875,330.20001220703125,335.6000061035156
2024-04-12,335.20001220703125,345.1000061035156,334.79998779296875,344.3999938964844
2024-04-15,343.8999938964844,344.6000061035156,336.6000061035156,338.5
2024-04-16,338.6000061035156,341.5,335.20001220703125,335.29998779296875
2024-04-17,335.70001220703125,340.70001220703125,335.29998779296875,338.70001220703125
2024-04-18,338.70001220703125,340.1000061035156,336.20001220703125,338.0
2024-04-19,337.79998779296875,345.79998779296875,337.6000061035156,343.70001220703125
2024-04-22,342.5,346.70001220703125,338.8999938964844,344.29998779296875
2024-04-23,344.0,348.29998779296875,342.5,345.20001220703125
2024-04-24,345.20001220703125,351.0,344.8999938964844,346.0
2024-04-25,346.5,346.6000061035156,340.6000061035156,343.8999938964844
2024-04-26,343.6000061035156,343.6000061035156,339.5,340.0
2024-04-29,339.1000061035156,350.20001220703125,336.8999938964844,348.29998779296875
2024-04-30,348.20001220703125,353.70001220703125,341.29998779296875,346.29998779296875
2024-05-01,342.8999938964844,343.20001220703125,339.1000061035156,342.6000061035156
2024-05-02,343.79998779296875,358.70001220703125,343.1000061035156,357.1000061035156
2024-05-03,360.29998779296875,367.5,360.29998779296875,366.5
2024-05-06,366.0,381.8999938964844,365.8999938964844,381.20001220703125
2024-05-07,381.70001220703125,381.8999938964844,377.3999938964844,377.3999938964844
2024-05-08,375.20001220703125,376.8999938964844,374.79998779296875,374.79998779296875
2024-05-09,376.0,376.0,367.6000061035156,368.0
2024-05-10,368.20001220703125,371.8999938964844,364.20001220703125,367.0
2024-05-13,369.20001220703125,369.8999938964844,361.6000061035156,361.6000061035156
2024-05-14,362.79998779296875,363.6000061035156,362.79998779296875,363.6000061035156
2024-05-15,373.20001220703125,381.70001220703125,370.79998779296875,371.70001220703125
2024-05-16,371.70001220703125,372.6000061035156,366.70001220703125,367.70001220703125
2024-05-17,368.5,372.3999938964844,366.0,368.79998779296875
2024-05-20,368.6000061035156,375.6000061035156,365.6000061035156,374.1000061035156
2024-05-21,373.8999938964844,375.29998779296875,367.79998779296875,372.29998779296875
2024-05-22,371.8999938964844,379.1000061035156,369.5,378.20001220703125
2024-05-23,378.20001220703125,382.0,374.6000061035156,376.70001220703125
2024-05-24,377.0,387.8999938964844,376.1000061035156,386.5
2024-05-28,387.0,391.29998779296875,374.20001220703125,376.6000061035156
2024-05-29,377.5,378.8999938964844,368.20001220703125,369.1000061035156
2024-05-30,369.1000061035156,374.1000061035156,362.29998779296875,363.6000061035156
2024-05-31,365.3999938964844,370.1000061035156,362.29998779296875,364.70001220703125
2024-06-03,364.70001220703125,364.70001220703125,358.3999938964844,359.5
2024-06-04,359.79998779296875,360.29998779296875,354.70001220703125,355.1000061035156
2024-06-05,355.5,365.5,355.0,359.5
2024-06-06,359.29998779296875,365.1000061035156,358.8999938964844,362.79998779296875
2024-06-07,362.79998779296875,364.0,354.70001220703125,360.70001220703125
2024-06-10,360.5,369.20001220703125,360.1000061035156,368.0
2024-06-11,368.20001220703125,371.3999938964844,358.20001220703125,359.29998779296875
2024-06-12,358.6000061035156,365.0,358.0,360.20001220703125
2024-06-13,360.20001220703125,369.3999938964844,359.0,368.29998779296875
2024-06-14,368.1000061035156,372.6000061035156,365.29998779296875,368.3999938964844
2024-06-17,367.3999938964844,367.3999938964844,359.6000061035156,360.29998779296875
2024-06-18,360.79998779296875,366.6000061035156,360.79998779296875,364.6000061035156
2024-06-20,365.0,367.1000061035156,357.20001220703125,357.6000061035156
2024-06-21,358.79998779296875,364.8999938964844,358.5,361.79998779296875
2024-06-24,362.0,375.20001220703125,361.29998779296875,372.79998779296875
2024-06-25,372.79998779296875,374.20001220703125,362.1000061035156,365.29998779296875
2024-06-26,365.29998779296875,372.8999938964844,360.0,360.8999938964844
2024-06-27,361.5,365.70001220703125,357.29998779296875,361.1000061035156
2024-06-28,362.0,363.70001220703125,359.0,360.5
2024-07-01,360.5,366.1000061035156,359.0,365.70001220703125
2024-07-02,366.20001220703125,370.79998779296875,366.20001220703125,368.8999938964844
2024-07-03,369.0,372.20001220703125,367.1000061035156,370.5
2024-07-05,378.79998779296875,388.8999938964844,377.5,387.0
2024-07-08,386.5,386.5,377.29998779296875,379.5
2024-07-09,378.5,381.79998779296875,375.8999938964844,376.20001220703125
2024-07-10,379.0,379.0,374.5,376.29998779296875
2024-07-11,377.3999938964844,380.5,375.0,378.3999938964844
2024-07-12,373.1000061035156,373.1000061035156,368.5,368.5
2024-07-15,338.0,338.0,332.79998779296875,333.79998779296875
2024-07-16,333.79998779296875,338.29998779296875,332.20001220703125,335.3999938964844
2024-07-17,335.6000061035156,339.5,333.0,339.1000061035156
2024-07-18,339.6000061035156,341.3999938964844,336.0,337.20001220703125
2024-07-19,337.20001220703125,340.3999938964844,336.29998779296875,336.79998779296875
2024-07-22,336.79998779296875,344.0,336.79998779296875,343.6000061035156
2024-07-23,343.6000061035156,346.0,340.1000061035156,342.70001220703125
2024-07-24,342.70001220703125,347.8999938964844,340.3999938964844,343.3999938964844
2024-07-25,343.8999938964844,353.20001220703125,341.8999938964844,352.3999938964844
2024-07-26,352.3999938964844,354.79998779296875,349.29998779296875,353.29998779296875
2024-07-29,350.8999938964844,357.0,347.20001220703125,355.5
2024-07-30,356.0,357.0,349.29998779296875,352.0
2024-07-31,351.0,355.6000061035156,349.20001220703125,354.1000061035156
2024-08-01,354.20001220703125,356.6000061035156,351.6000061035156,355.8999938964844
2024-08-02,355.5,362.20001220703125,354.5,361.5
2024-08-05,356.29998779296875,362.0,352.3999938964844,360.70001220703125
2024-08-06,362.70001220703125,362.70001220703125,345.79998779296875,347.70001220703125
2024-08-07,351.20001220703125,351.20001220703125,339.3999938964844,340.79998779296875
2024-08-08,342.20001220703125,342.29998779296875,334.8999938964844,335.29998779296875
2024-08-09,331.20001220703125,331.20001220703125,326.1000061035156,326.29998779296875
2024-08-12,327.70001220703125,328.8999938964844,316.79998779296875,318.29998779296875
2024-08-13,314.8999938964844,314.8999938964844,306.0,306.6000061035156
2024-08-14,321.1000061035156,321.1000061035156,320.6000061035156,320.6000061035156
2024-08-15,305.6000061035156,310.3999938964844,305.20001220703125,307.8999938964844
2024-08-16,308.0,309.5,302.1000061035156,303.3999938964844
2024-08-19,302.79998779296875,312.0,302.79998779296875,311.70001220703125
2024-08-20,312.3999938964844,317.70001220703125,309.70001220703125,312.29998779296875
2024-08-21,312.5,315.79998779296875,310.5,312.5
2024-08-22,312.5,313.0,305.8999938964844,306.3999938964844
2024-08-23,306.3999938964844,307.79998779296875,303.70001220703125,306.29998779296875
2024-08-26,304.70001220703125,312.29998779296875,302.70001220703125,312.1000061035156
2024-08-27,311.5,318.1000061035156,311.20001220703125,317.29998779296875
2024-08-28,317.29998779296875,317.29998779296875,309.8999938964844,310.79998779296875
2024-08-29,310.5,316.1000061035156,308.0,308.6000061035156
2024-08-30,309.1000061035156,313.20001220703125,305.6000061035156,311.6000061035156
2024-09-03,311.79998779296875,322.0,310.1000061035156,319.70001220703125
2024-09-04,319.70001220703125,324.1000061035156,315.0,323.79998779296875
2024-09-05,318.0,320.70001220703125,315.6000061035156,320.70001220703125
2024-09-06,320.3999938964844,325.20001220703125,318.3999938964844,318.3999938964844
2024-09-09,320.29998779296875,321.3999938964844,317.79998779296875,317.79998779296875
2024-09-10,318.3999938964844,318.3999938964844,310.3999938964844,310.6000061035156
2024-09-11,310.6000061035156,313.29998779296875,310.6000061035156,313.29998779296875
2024-09-12,317.0,317.1000061035156,316.1000061035156,316.5
2024-09-13,315.3999938964844,315.3999938964844,315.3999938964844,315.3999938964844
2024-09-16,318.5,322.20001220703125,316.1000061035156,320.1000061035156
2024-09-17,319.29998779296875,320.5,316.3999938964844,318.0
2024-09-18,318.6000061035156,323.3999938964844,315.29998779296875,317.8999938964844
2024-09-19,318.0,321.79998779296875,316.8999938964844,319.8999938964844
2024-09-20,320.0,322.6000061035156,314.1000061035156,317.3999938964844
2024-09-23,317.3999938964844,327.6000061035156,317.3999938964844,326.5
2024-09-24,326.5,332.5,322.5,323.6000061035156
2024-09-25,323.5,326.70001220703125,320.0,326.1000061035156
2024-09-26,326.0,329.5,322.79998779296875,324.20001220703125
2024-09-27,324.3999938964844,345.6000061035156,322.70001220703125,343.70001220703125
2024-09-30,339.1000061035156,348.3999938964844,339.1000061035156,344.29998779296875
2024-10-01,344.1000061035156,354.0,343.0,350.0
2024-10-02,352.20001220703125,352.20001220703125,335.0,341.3999938964844
2024-10-03,341.0,341.0,332.5,332.79998779296875
2024-10-04,332.8999938964844,336.0,330.5,330.5
2024-10-07,330.0,330.0,324.6000061035156,324.79998779296875
2024-10-08,324.0,324.70001220703125,322.79998779296875,323.6000061035156
2024-10-09,323.5,324.6000061035156,322.5,322.5
2024-10-10,321.3999938964844,321.6000061035156,314.0,317.5
2024-10-11,318.70001220703125,321.5,316.5,316.5
2024-10-14,316.5,316.5,316.5,316.5
2024-10-15,315.6000061035156,316.3999938964844,308.79998779296875,311.79998779296875
2024-10-16,312.1000061035156,316.0,311.70001220703125,313.70001220703125
2024-10-17,313.70001220703125,318.79998779296875,311.79998779296875,318.1000061035156
2024-10-18,318.5,323.29998779296875,315.20001220703125,315.6000061035156
2024-10-21,315.6000061035156,319.6000061035156,315.3999938964844,318.29998779296875
2024-10-22,318.3999938964844,320.20001220703125,315.29998779296875,317.70001220703125
2024-10-23,318.0,320.1000061035156,314.1000061035156,315.0
2024-10-24,314.5,317.3999938964844,310.1000061035156,310.3999938964844
2024-10-25,311.3999938964844,311.3999938964844,305.0,305.79998779296875
2024-10-28,305.79998779296875,307.3999938964844,302.70001220703125,304.79998779296875
2024-10-29,305.3999938964844,306.6000061035156,301.0,301.79998779296875
2024-10-30,301.70001220703125,304.0,300.5,301.6000061035156
2024-10-31,301.5,302.70001220703125,298.8999938964844,299.5
2024-11-01,299.6000061035156,301.0,293.79998779296875,295.29998779296875
2024-11-04,295.29998779296875,302.5,294.8999938964844,299.6000061035156
2024-11-05,299.6000061035156,300.5,297.0,299.5
2024-11-06,299.0,299.1000061035156,293.1000061035156,298.3999938964844
2024-11-07,298.3999938964844,303.0,295.0,298.5
2024-11-08,298.6000061035156,302.6000061035156,295.0,296.20001220703125
2024-11-11,297.3999938964844,302.20001220703125,294.5,295.1000061035156
2024-11-12,295.29998779296875,296.8999938964844,291.29998779296875,292.8999938964844
2024-11-13,293.0,293.8999938964844,289.79998779296875,291.6000061035156
2024-11-14,291.6000061035156,291.79998779296875,285.8999938964844,287.0
2024-11-15,287.5,290.1000061035156,285.29998779296875,289.6000061035156
2024-11-18,290.0,291.8999938964844,287.70001220703125,290.29998779296875
2024-11-19,290.5,293.0,287.70001220703125,288.6000061035156
2024-11-20,289.29998779296875,290.8999938964844,287.1000061035156,289.3999938964844
2024-11-21,290.0,290.8999938964844,287.20001220703125,287.70001220703125
2024-11-22,288.29998779296875,290.1000061035156,286.6000061035156,289.20001220703125
2024-11-25,289.5,296.8999938964844,289.5,293.70001220703125
2024-11-26,292.70001220703125,293.6000061035156,287.5,288.1000061035156
2024-11-27,288.1000061035156,294.0,287.70001220703125,290.5
2024-11-29,289.79998779296875,289.79998779296875,286.1000061035156,287.1000061035156
2024-12-02,288.3999938964844,289.0,283.20001220703125,283.3999938964844
2024-12-03,283.79998779296875,287.3999938964844,283.79998779296875,286.0
2024-12-04,286.0,288.0,286.0,288.0
2024-12-05,288.3999938964844,288.79998779296875,286.3999938964844,287.3999938964844
2024-12-06,286.0,286.1000061035156,282.6000061035156,283.79998779296875
2024-12-09,287.8999938964844,287.8999938964844,285.29998779296875,286.1000061035156
2024-12-10,287.3999938964844,289.0,287.3999938964844,288.79998779296875
2024-12-11,289.6000061035156,289.6000061035156,287.5,288.0
2024-12-12,287.70001220703125,288.1000061035156,285.5,286.5
2024-12-13,284.5,284.5,284.1000061035156,284.1000061035156
2024-12-16,286.20001220703125,291.20001220703125,286.1000061035156,286.8999938964844
2024-12-17,286.8999938964844,288.70001220703125,284.20001220703125,287.20001220703125
2024-12-18,287.20001220703125,287.5,279.29998779296875,279.5
2024-12-19,279.8999938964844,285.0,278.5,284.1000061035156
2024-12-20,284.1000061035156,295.5,283.29998779296875,294.5
2024-12-23,295.3999938964844,298.8999938964844,289.20001220703125,289.5
2024-12-24,289.70001220703125,293.70001220703125,289.0,292.8999938964844
2024-12-26,295.0,306.5,294.6000061035156,305.70001220703125
2024-12-27,305.79998779296875,306.6000061035156,300.6000061035156,300.8999938964844
2024-12-30,302.3999938964844,308.29998779296875,301.0,302.6000061035156
2024-12-31,303.8999938964844,308.3999938964844,303.70001220703125,307.6000061035156
2025-01-02,307.20001220703125,312.3999938964844,305.8999938964844,310.8999938964844
2025-01-03,310.8999938964844,310.8999938964844,299.1000061035156,299.8999938964844
2025-01-06,303.29998779296875,304.70001220703125,297.79998779296875,298.6000061035156
2025-01-07,295.70001220703125,295.70001220703125,293.5,295.29998779296875
2025-01-08,291.1000061035156,292.8999938964844,290.79998779296875,292.6000061035156
2025-01-09,291.0,293.1000061035156,290.79998779296875,291.79998779296875
2025-01-10,290.1000061035156,293.0,287.79998779296875,290.6000061035156
2025-01-13,296.70001220703125,300.20001220703125,296.70001220703125,300.20001220703125
2025-01-14,298.3999938964844,298.3999938964844,298.3999938964844,298.3999938964844
2025-01-15,305.5,309.29998779296875,301.3999938964844,302.0
2025-01-16,301.79998779296875,302.0,293.5,294.3999938964844
2025-01-17,295.5,299.29998779296875,294.1000061035156,297.20001220703125
2025-01-21,299.0,311.3999938964844,299.0,311.0
2025-01-22,311.0,318.5,307.5,315.79998779296875
2025-01-23,315.70001220703125,319.0,313.0,315.29998779296875
2025-01-24,309.5,311.1000061035156,303.5,304.8999938964844
2025-01-27,302.5,303.5,298.8999938964844,300.79998779296875
2025-01-28,301.0,303.8999938964844,298.6000061035156,301.6000061035156
2025-01-29,302.0,310.79998779296875,301.6000061035156,309.79998779296875
2025-01-30,310.1000061035156,310.29998779296875,303.70001220703125,304.70001220703125
2025-01-31,304.0,306.5,299.0,301.1000061035156
2025-02-03,298.6000061035156,304.20001220703125,295.29998779296875,303.70001220703125
2025-02-04,304.0,314.8999938964844,304.0,314.0
2025-02-05,313.79998779296875,314.70001220703125,306.8999938964844,308.29998779296875
2025-02-06,308.29998779296875,310.5,303.29998779296875,306.3999938964844
2025-02-07,306.0,307.0,300.5,301.3999938964844
2025-02-10,301.0,302.79998779296875,299.20001220703125,300.5
2025-02-11,300.5,302.8999938964844,296.3999938964844,296.6000061035156
2025-02-12,296.8999938964844,298.0,293.3999938964844,294.1000061035156
2025-02-13,294.0,296.20001220703125,291.6000061035156,292.70001220703125
2025-02-14,292.70001220703125,300.5,292.1000061035156,295.8999938964844
2025-02-18,295.29998779296875,298.0,293.20001220703125,293.79998779296875
2025-02-19,293.79998779296875,298.0,292.1000061035156,294.70001220703125
2025-02-20,294.70001220703125,297.3999938964844,293.3999938964844,296.0
2025-02-21,296.0,297.0,293.29998779296875,294.79998779296875
2025-02-24,294.5,296.3999938964844,291.5,291.79998779296875
2025-02-25,291.8999938964844,294.3999938964844,289.1000061035156,293.79998779296875
2025-02-26,293.70001220703125,295.6000061035156,291.5,293.3999938964844
2025-02-27,293.20001220703125,295.6000061035156,290.70001220703125,290.8999938964844
2025-02-28,291.5,292.3999938964844,288.5,291.70001220703125
2025-03-03,293.29998779296875,293.5,289.29998779296875,290.1000061035156
2025-03-04,288.3999938964844,288.3999938964844,284.29998779296875,285.8999938964844
2025-03-05,288.0,293.20001220703125,288.0,293.0
2025-03-06,295.3999938964844,299.29998779296875,294.70001220703125,297.1000061035156
2025-03-07,296.79998779296875,297.6000061035156,295.3999938964844,296.5
2025-03-10,296.20001220703125,299.0,294.20001220703125,294.3999938964844
2025-03-11,295.0,295.0,294.1000061035156,294.1000061035156
2025-03-12,292.3999938964844,292.3999938964844,292.3999938964844,292.3999938964844
2025-03-13,293.6000061035156,302.0,293.6000061035156,300.29998779296875
2025-03-14,296.6000061035156,298.8999938964844,296.6000061035156,298.8999938964844
2025-03-17,305.8999938964844,307.70001220703125,303.3999938964844,304.29998779296875
2025-03-18,304.29998779296875,304.70001220703125,299.5,299.8999938964844
2025-03-19,300.0,301.8999938964844,296.79998779296875,297.70001220703125
2025-03-20,298.8999938964844,300.5,296.20001220703125,297.1000061035156
2025-03-21,297.20001220703125,301.0,296.79998779296875,300.29998779296875
2025-03-24,300.8999938964844,300.8999938964844,296.79998779296875,297.6000061035156
2025-03-25,297.29998779296875,298.1000061035156,294.29998779296875,295.1000061035156
2025-03-26,295.5,296.70001220703125,293.3999938964844,293.6000061035156
2025-03-27,293.79998779296875,295.29998779296875,292.1000061035156,294.5
2025-03-28,294.1000061035156,294.70001220703125,289.70001220703125,293.5
2025-03-31,293.8999938964844,296.8999938964844,292.1000061035156,292.70001220703125
2025-04-01,293.0,294.29998779296875,290.8999938964844,292.29998779296875
2025-04-02,291.79998779296875,292.70001220703125,287.1000061035156,287.20001220703125
2025-04-03,287.29998779296875,291.3999938964844,283.5,288.0
2025-04-04,287.79998779296875,290.29998779296875,282.1000061035156,283.1000061035156
2025-04-07,283.1000061035156,288.79998779296875,283.1000061035156,288.3999938964844
2025-04-08,288.0,293.79998779296875,288.0,291.0
2025-04-09,289.79998779296875,297.0,289.5,294.5
2025-04-10,294.5,298.29998779296875,293.1000061035156,297.8999938964844
2025-04-11,297.8999938964844,302.0,294.5,299.6000061035156
2025-04-14,299.6000061035156,299.70001220703125,295.70001220703125,297.1000061035156
2025-04-15,297.1000061035156,297.1000061035156,291.8999938964844,294.20001220703125
2025-04-16,294.20001220703125,297.20001220703125,292.70001220703125,296.70001220703125
2025-04-17,296.70001220703125,299.0,294.6000061035156,295.6000061035156
2025-04-21,296.70001220703125,297.8999938964844,292.6000061035156,292.8999938964844
2025-04-22,292.8999938964844,294.8999938964844,291.3999938964844,291.8999938964844
2025-04-23,292.5,294.3999938964844,290.6000061035156,290.79998779296875
2025-04-24,290.8999938964844,291.5,288.1000061035156,288.70001220703125
2025-04-25,288.70001220703125,290.5,286.29998779296875,290.0
2025-04-28,290.0,290.3999938964844,285.5,287.0
2025-04-29,287.0,291.29998779296875,285.5,290.5
2025-04-30,290.5,291.8999938964844,287.8999938964844,290.0
2025-05-01,289.70001220703125,289.70001220703125,286.29998779296875,286.5
2025-05-02,289.79998779296875,292.1000061035156,289.1000061035156,290.20001220703125
2025-05-05,291.6000061035156,291.6000061035156,288.70001220703125,288.70001220703125
2025-05-06,288.29998779296875,288.79998779296875,286.0,286.1000061035156
2025-05-07,287.0,289.1000061035156,286.5,288.0
2025-05-08,289.20001220703125,289.20001220703125,287.79998779296875,287.79998779296875
2025-05-09,287.79998779296875,289.5,287.20001220703125,287.20001220703125
2025-05-12,291.5,291.79998779296875,289.79998779296875,291.1000061035156
2025-05-13,285.8999938964844,285.8999938964844,285.8999938964844,285.8999938964844
2025-05-14,285.3999938964844,285.3999938964844,285.3999938964844,285.3999938964844
2025-05-15,292.3999938964844,299.5,292.3999938964844,296.3999938964844
2025-05-16,296.5,297.79998779296875,291.29998779296875,291.8999938964844
2025-05-19,291.8999938964844,292.8999938964844,290.29998779296875,291.1000061035156
2025-05-20,291.20001220703125,294.5,290.1000061035156,292.6000061035156
2025-05-21,292.3999938964844,294.3999938964844,291.5,294.1000061035156
2025-05-22,294.5,299.6000061035156,293.70001220703125,298.5
2025-05-23,297.0,298.6000061035156,294.8999938964844,296.20001220703125
2025-05-27,296.0,298.0,293.5,296.29998779296875
2025-05-28,296.29998779296875,297.20001220703125,293.29998779296875,293.70001220703125
2025-05-29,295.0,297.0,292.5,296.3999938964844
2025-05-30,296.3999938964844,298.8999938964844,295.6000061035156,296.29998779296875
2025-06-02,296.1000061035156,296.29998779296875,293.20001220703125,293.8999938964844
2025-06-03,294.20001220703125,296.0,293.29998779296875,294.5
2025-06-04,294.29998779296875,298.79998779296875,294.20001220703125,297.1000061035156
2025-06-05,297.1000061035156,298.8999938964844,294.6000061035156,297.1000061035156
2025-06-06,296.5,297.79998779296875,294.29998779296875,295.70001220703125
2025-06-09,296.20001220703125,297.3999938964844,294.20001220703125,295.5
2025-06-10,295.6000061035156,296.3999938964844,294.0,295.8999938964844
2025-06-11,295.8999938964844,298.0,293.8999938964844,294.20001220703125
2025-06-12,294.20001220703125,297.5,293.1000061035156,294.5
2025-06-13,294.70001220703125,295.3999938964844,291.0,291.8999938964844
2025-06-16,291.79998779296875,291.8999938964844,283.6000061035156,283.70001220703125
2025-06-17,283.8999938964844,285.70001220703125,283.1000061035156,285.1000061035156
2025-06-18,285.1000061035156,287.5,283.79998779296875,284.8999938964844
2025-06-20,284.20001220703125,285.8999938964844,282.70001220703125,284.1000061035156
2025-06-23,285.70001220703125,285.8999938964844,281.3999938964844,282.3999938964844
2025-06-24,282.3999938964844,284.29998779296875,280.1000061035156,280.5
2025-06-25,280.5,281.0,275.5,276.0
2025-06-26,276.0,276.0,270.6000061035156,270.8999938964844
2025-06-27,270.8999938964844,272.20001220703125,269.3999938964844,271.1000061035156
2025-06-30,271.1000061035156,273.5,269.5,271.29998779296875
2025-07-01,269.1000061035156,269.70001220703125,268.70001220703125,269.20001220703125
2025-07-02,267.3999938964844,272.3999938964844,267.3999938964844,272.3999938964844
2025-07-03,274.5,276.79998779296875,272.79998779296875,273.79998779296875
2025-07-07,269.3999938964844,271.0,268.0,268.5
2025-07-08,267.8999938964844,268.3999938964844,267.1000061035156,267.20001220703125
2025-07-09,267.8999938964844,267.8999938964844,266.0,266.1000061035156
2025-07-10,265.1000061035156,268.6000061035156,265.1000061035156,268.5
2025-07-11,267.6000061035156,267.6000061035156,267.6000061035156,267.6000061035156
2025-07-14,265.20001220703125,265.20001220703125,265.20001220703125,265.20001220703125
2025-07-15,267.1000061035156,268.3999938964844,264.5,265.29998779296875
2025-07-16,265.29998779296875,270.3999938964844,265.29998779296875,268.3999938964844
2025-07-17,268.29998779296875,269.3999938964844,266.29998779296875,268.70001220703125
2025-07-18,268.8999938964844,274.29998779296875,268.29998779296875,274.0
2025-07-21,274.0,275.3999938964844,269.3999938964844,270.5
2025-07-22,270.5,274.70001220703125,269.29998779296875,273.79998779296875
2025-07-23,273.79998779296875,277.5,271.70001220703125,272.0
2025-07-24,272.0,274.79998779296875,268.5,269.70001220703125
2025-07-25,269.70001220703125,270.79998779296875,267.5,267.79998779296875
2025-07-28,267.5,268.29998779296875,264.6000061035156,264.8999938964844
2025-07-29,264.70001220703125,265.79998779296875,261.29998779296875,261.70001220703125
2025-07-30,261.70001220703125,263.29998779296875,258.6000061035156,260.70001220703125
2025-07-31,260.79998779296875,263.1000061035156,258.8999938964844,261.79998779296875
2025-08-01,262.0,267.6000061035156,261.6000061035156,267.5
2025-08-04,268.70001220703125,273.79998779296875,268.70001220703125,273.79998779296875
2025-08-05,273.20001220703125,277.1000061035156,273.20001220703125,273.6000061035156
2025-08-06,272.0,272.0,268.1000061035156,269.3999938964844
2025-08-07,272.0,272.79998779296875,272.0,272.70001220703125
2025-08-08,274.1000061035156,274.6000061035156,273.3999938964844,273.3999938964844
2025-08-11,276.6000061035156,278.0,275.8999938964844,277.70001220703125
2025-08-12,274.29998779296875,283.0,274.29998779296875,278.3999938964844
2025-08-13,284.1000061035156,284.1000061035156,284.1000061035156,284.1000061035156
2025-08-14,282.1000061035156,282.1000061035156,282.1000061035156,282.1000061035156
2025-08-15,284.29998779296875,287.0,282.70001220703125,283.3999938964844
2025-08-18,283.29998779296875,285.70001220703125,279.6000061035156,280.3999938964844
2025-08-19,280.5,288.79998779296875,280.5,287.3999938964844
2025-08-20,287.3999938964844,296.3999938964844,286.1000061035156,292.0
2025-08-21,292.0,297.1000061035156,290.79998779296875,296.79998779296875
2025-08-22,296.79998779296875,301.6000061035156,292.5,296.70001220703125
2025-08-25,297.0,305.6000061035156,294.3999938964844,295.70001220703125
2025-08-26,296.20001220703125,299.5,293.0,297.20001220703125
2025-08-27,297.20001220703125,299.70001220703125,290.70001220703125,293.1000061035156
2025-08-28,293.1000061035156,293.5,282.6000061035156,286.29998779296875
2025-08-29,288.0,288.0,282.29998779296875,283.6000061035156
2025-09-02,283.79998779296875,284.1000061035156,274.29998779296875,275.5
2025-09-03,277.79998779296875,277.79998779296875,275.70001220703125,275.8999938964844
2025-09-04,277.5,280.5,277.5,279.3999938964844
2025-09-05,281.5,282.3999938964844,280.5,280.5
2025-09-08,281.3999938964844,284.70001220703125,281.3999938964844,284.70001220703125
2025-09-09,290.5,293.0,290.5,291.70001220703125
2025-09-10,284.29998779296875,288.20001220703125,281.0,286.3999938964844
2025-09-11,293.0,293.0,288.29998779296875,288.29998779296875
2025-09-12,288.29998779296875,288.29998779296875,288.29998779296875,288.29998779296875
2025-09-15,286.20001220703125,287.5,283.8999938964844,285.20001220703125
2025-09-16,285.6000061035156,286.70001220703125,284.5,285.79998779296875
2025-09-17,285.79998779296875,288.1000061035156,283.5,283.8999938964844
2025-09-18,283.8999938964844,284.29998779296875,281.3999938964844,283.0
2025-09-19,283.0,286.20001220703125,281.8999938964844,282.8999938964844
2025-09-22,283.0,283.29998779296875,277.20001220703125,278.8999938964844
2025-09-23,278.5,278.79998779296875,274.6000061035156,275.1000061035156
2025-09-24,275.1000061035156,276.5,271.1000061035156,271.70001220703125
2025-09-25,271.3999938964844,272.1000061035156,267.5,268.6000061035156
2025-09-26,268.6000061035156,270.6000061035156,268.0,268.79998779296875
2025-09-29,268.8999938964844,271.29998779296875,267.1000061035156,268.1000061035156
2025-09-30,267.79998779296875,267.79998779296875,264.3999938964844,265.70001220703125
2025-10-01,266.0,266.0,262.0,264.70001220703125
2025-10-02,264.79998779296875,271.6000061035156,264.6000061035156,271.29998779296875
2025-10-03,271.70001220703125,273.5,270.70001220703125,270.70001220703125
2025-10-06,270.20001220703125,270.20001220703125,268.79998779296875,268.79998779296875
2025-10-07,269.6000061035156,270.70001220703125,268.8999938964844,268.8999938964844
2025-10-08,270.1000061035156,271.70001220703125,270.1000061035156,270.79998779296875
2025-10-09,270.0,270.79998779296875,269.70001220703125,269.70001220703125
2025-10-10,267.79998779296875,269.0,267.3999938964844,267.3999938964844
2025-10-13,266.5,266.5,266.5,266.5
2025-10-14,267.0,267.0,267.0,267.0
2025-10-15,273.1000061035156,277.1000061035156,273.0,275.8999938964844
2025-10-16,275.8999938964844,277.5,274.5,276.8999938964844
2025-10-17,277.0,281.70001220703125,277.0,281.0
2025-10-20,281.0,285.79998779296875,280.29998779296875,285.0
2025-10-21,285.0,287.20001220703125,283.6000061035156,286.8999938964844
2025-10-22,286.20001220703125,290.3999938964844,285.3999938964844,290.0
2025-10-23,290.0,292.3999938964844,288.29998779296875,292.29998779296875
2025-10-24,292.0,294.6000061035156,291.70001220703125,294.1000061035156
2025-10-27,297.20001220703125,299.20001220703125,294.79998779296875,298.20001220703125
2025-10-28,297.70001220703125,307.79998779296875,297.5,306.5
2025-10-29,306.3999938964844,311.70001220703125,304.1000061035156,308.70001220703125
2025-10-30,308.70001220703125,317.5,304.5,315.6000061035156
2025-10-31,315.6000061035156,323.29998779296875,313.0,321.6000061035156
2025-11-03,321.20001220703125,325.20001220703125,315.79998779296875,320.79998779296875
2025-11-04,320.0,321.29998779296875,315.29998779296875,317.3999938964844
2025-11-05,316.8999938964844,325.1000061035156,316.1000061035156,324.79998779296875
2025-11-06,324.0,324.29998779296875,310.5,312.70001220703125
2025-11-07,312.79998779296875,317.3999938964844,311.5,317.1000061035156
2025-11-10,317.0,320.20001220703125,316.29998779296875,320.0
2025-11-11,319.5,320.3999938964844,315.8999938964844,316.8999938964844
2025-11-12,316.8999938964844,322.20001220703125,315.3999938964844,321.0
2025-11-13,321.0,330.20001220703125,320.20001220703125,328.3999938964844
2025-11-14,328.5,330.29998779296875,321.6000061035156,322.5
2025-11-17,322.0,331.70001220703125,319.79998779296875,330.79998779296875
2025-11-18,330.79998779296875,331.6000061035156,324.5,327.0
2025-11-19,327.0,327.29998779296875,317.8999938964844,318.8999938964844
2025-11-20,317.6000061035156,321.1000061035156,313.1000061035156,314.0
2025-11-21,313.79998779296875,315.79998779296875,312.6000061035156,315.1000061035156
2025-11-24,315.79998779296875,317.0,312.8999938964844,314.20001220703125
2025-11-25,314.29998779296875,319.8999938964844,314.29998779296875,317.0
2025-11-26,317.0,319.20001220703125,316.20001220703125,317.1000061035156
2025-11-28,317.1000061035156,317.1000061035156,314.29998779296875,314.3999938964844
2025-12-01,315.29998779296875,316.0,310.6000061035156,311.1000061035156
2025-12-02,312.3999938964844,312.70001220703125,307.70001220703125,308.6000061035156
2025-12-03,310.3999938964844,310.3999938964844,307.79998779296875,308.3999938964844
2025-12-04,310.20001220703125,313.3999938964844,308.5,308.5
2025-12-05,308.5,308.5,304.70001220703125,304.70001220703125
2025-12-08,303.70001220703125,304.20001220703125,302.1000061035156,303.6000061035156
2025-12-09,301.79998779296875,301.8999938964844,298.20001220703125,298.20001220703125
2025-12-10,297.0,299.29998779296875,296.8999938964844,298.20001220703125
2025-12-11,300.1000061035156,300.29998779296875,298.79998779296875,298.79998779296875
2025-12-12,300.6000061035156,300.6000061035156,300.6000061035156,300.6000061035156
2025-12-15,302.0,304.8999938964844,301.3999938964844,303.5
2025-12-16,303.5,306.8999938964844,301.70001220703125,302.3999938964844
2025-12-17,302.3999938964844,304.1000061035156,297.8999938964844,298.20001220703125
2025-12-18,298.20001220703125,300.70001220703125,297.5,298.3999938964844
2025-12-19,298.3999938964844,300.20001220703125,297.29998779296875,297.6000061035156
2025-12-22,297.6000061035156,300.6000061035156,297.0,298.6000061035156
2025-12-23,298.70001220703125,303.6000061035156,298.3999938964844,301.1000061035156
2025-12-24,301.0,305.29998779296875,300.70001220703125,304.70001220703125
2025-12-26,305.79998779296875,307.8999938964844,303.0,303.70001220703125
2025-12-29,304.20001220703125,305.0,298.20001220703125,298.79998779296875
2025-12-30,298.79998779296875,300.0,295.29998779296875,296.70001220703125
2025-12-31,296.6000061035156,296.6000061035156,294.29998779296875,294.5
2026-01-02,294.5,294.5,290.79998779296875,291.0
2026-01-05,293.3999938964844,295.5,293.3999938964844,294.8999938964844
2026-01-06,295.3999938964844,295.8999938964844,294.70001220703125,294.70001220703125
2026-01-07,294.70001220703125,301.79998779296875,294.70001220703125,301.5
2026-01-08,301.70001220703125,303.0,300.3999938964844,300.3999938964844
2026-01-09,302.1000061035156,302.5,300.0,300.0
2026-01-12,298.5,298.8999938964844,292.1000061035156,294.6000061035156
2026-01-13,293.0,293.0,286.3999938964844,286.3999938964844
2026-01-14,287.20001220703125,287.20001220703125,287.20001220703125,287.20001220703125
2026-01-15,292.0,294.5,289.0,289.20001220703125
2026-01-16,289.5,290.5,288.3999938964844,290.0
2026-01-20,290.3999938964844,293.5,289.1000061035156,291.6000061035156
2026-01-21,291.79998779296875,295.5,291.1000061035156,291.3999938964844
2026-01-22,291.3999938964844,297.6000061035156,291.3999938964844,296.20001220703125
2026-01-23,296.20001220703125,300.20001220703125,295.5,299.8999938964844
2026-01-26,300.29998779296875,302.29998779296875,293.70001220703125,294.29998779296875
2026-01-27,293.79998779296875,295.0,292.70001220703125,294.0
2026-01-28,293.5,299.79998779296875,293.5,297.79998779296875
2026-01-29,297.79998779296875,300.70001220703125,295.29998779296875,296.0
2026-01-30,295.5,296.3999938964844,292.20001220703125,293.6000061035156
2026-02-02,294.0,294.8999938964844,292.0,294.5
2026-02-03,294.0,294.70001220703125,291.6000061035156,291.8999938964844
2026-02-04,292.1000061035156,303.6000061035156,288.29998779296875,296.20001220703125
2026-02-05,296.5,305.5,295.5,303.20001220703125
2026-02-06,302.5,309.3999938964844,299.6000061035156,303.6000061035156
2026-02-09,301.5,302.29998779296875,296.8999938964844,297.79998779296875
2026-02-10,297.6000061035156,303.20001220703125,296.70001220703125,300.79998779296875
2026-02-11,300.6000061035156,304.5,298.5,303.0
2026-02-12,302.8999938964844,309.79998779296875,302.8999938964844,307.8999938964844
2026-02-13,307.8999938964844,310.70001220703125,304.20001220703125,309.20001220703125
2026-02-17,308.0,308.6000061035156,304.70001220703125,305.79998779296875
2026-02-18,306.0,308.5,303.1000061035156,303.8999938964844
2026-02-19,304.0,306.0,302.3999938964844,304.79998779296875
2026-02-20,305.29998779296875,312.5,304.6000061035156,309.79998779296875
2026-02-23,308.6000061035156,312.3999938964844,304.29998779296875,308.70001220703125
2026-02-24,308.70001220703125,312.0,306.1000061035156,310.70001220703125
2026-02-25,311.0,319.29998779296875,310.8999938964844,318.29998779296875
2026-02-26,319.20001220703125,322.3999938964844,314.79998779296875,317.6000061035156
2026-02-27,318.70001220703125,318.79998779296875,314.5,315.5
2026-03-02,314.3999938964844,314.3999938964844,307.8999938964844,308.29998779296875
2026-03-03,308.29998779296875,311.5,307.0,310.5
2026-03-04,311.5,311.8999938964844,305.79998779296875,306.1000061035156
2026-03-05,306.8999938964844,306.8999938964844,304.20001220703125,305.6000061035156
2026-03-06,308.3999938964844,313.20001220703125,307.8999938964844,313.1000061035156
2026-03-09,311.70001220703125,316.3999938964844,308.79998779296875,308.79998779296875
2026-03-10,312.29998779296875,312.29998779296875,311.6000061035156,311.79998779296875
2026-03-11,311.6000061035156,316.3999938964844,310.1000061035156,316.3999938964844
2026-03-12,320.1000061035156,320.1000061035156,319.8999938964844,319.8999938964844
2026-03-13,319.8999938964844,319.8999938964844,319.8999938964844,319.8999938964844
2026-03-16,319.0,319.79998779296875,311.20001220703125,312.20001220703125
2026-03-17,312.20001220703125,315.0,307.6000061035156,311.70001220703125
2026-03-18,312.3999938964844,322.29998779296875,311.0,321.70001220703125
2026-03-19,321.70001220703125,335.5,321.6000061035156,332.5
2026-03-20,331.70001220703125,335.1000061035156,324.1000061035156,328.0
2026-03-23,327.6000061035156,332.3999938964844,324.8999938964844,326.6000061035156
2026-03-24,326.70001220703125,327.5,321.3999938964844,322.3999938964844
2026-03-25,322.3999938964844,324.3999938964844,318.1000061035156,319.79998779296875
2026-03-26,319.0,323.20001220703125,316.3999938964844,322.1000061035156
2026-03-27,321.70001220703125,323.5,314.70001220703125,315.29998779296875
2026-03-30,315.29998779296875,316.6000061035156,312.29998779296875,314.8999938964844
2026-03-31,315.1000061035156,318.0,313.5,316.3999938964844
2026-04-01,317.0,319.0,312.5,318.20001220703125
2026-04-02,318.20001220703125,318.79998779296875,313.8999938964844,315.20001220703125
2026-04-06,315.8999938964844,319.1000061035156,314.3999938964844,316.6000061035156
2026-04-07,316.6000061035156,317.3999938964844,311.3999938964844,311.79998779296875
2026-04-08,312.5,315.20001220703125,311.70001220703125,314.1000061035156
2026-04-09,313.5,318.8999938964844,312.0,317.6000061035156
2026-04-10,318.0,334.70001220703125,317.70001220703125,331.79998779296875
2026-04-13,328.79998779296875,336.29998779296875,327.0,331.8999938964844
2026-04-14,332.3999938964844,339.6000061035156,329.1000061035156,329.70001220703125
2026-04-15,329.70001220703125,335.29998779296875,328.6000061035156,334.3999938964844
2026-04-16,334.29998779296875,335.0,331.0,332.70001220703125
2026-04-17,332.70001220703125,334.5,330.1000061035156,331.79998779296875
2026-04-20,331.79998779296875,332.6000061035156,324.1000061035156,325.1000061035156
2026-04-21,325.1000061035156,326.8999938964844,323.1000061035156,325.29998779296875
2026-04-22,325.29998779296875,328.20001220703125,320.0,320.6000061035156
2026-04-23,322.29998779296875,323.8999938964844,320.1000061035156,320.6000061035156
2026-04-24,321.20001220703125,324.70001220703125,320.79998779296875,324.29998779296875
2026-04-27,324.0,334.8999938964844,323.5,333.79998779296875
2026-04-28,333.79998779296875,336.8999938964844,331.3999938964844,333.3999938964844
2026-04-29,333.5,336.70001220703125,326.1000061035156,328.0
2026-04-30,329.1000061035156,329.1000061035156,321.1000061035156,322.29998779296875
2026-05-01,322.29998779296875,324.0,320.0,320.79998779296875
2026-05-04,320.79998779296875,323.79998779296875,319.20001220703125,320.70001220703125
2026-05-05,319.6000061035156,322.8999938964844,319.6000061035156,322.6000061035156
2026-05-06,323.8999938964844,325.20001220703125,319.79998779296875,319.79998779296875
2026-05-07,321.8999938964844,323.5,319.79998779296875,321.29998779296875
2026-05-08,321.20001220703125,323.5,321.0,322.5
2026-05-11,326.0,328.79998779296875,326.0,327.8999938964844
2026-05-12,333.70001220703125,335.6000061035156,332.8999938964844,332.8999938964844
2026-05-13,335.0,342.70001220703125,335.0,342.70001220703125
2026-05-14,342.70001220703125,342.70001220703125,342.70001220703125,342.70001220703125
2026-05-15,332.5,342.5,328.70001220703125,334.29998779296875
2026-05-18,337.6000061035156,340.6000061035156,334.20001220703125,334.5
2026-05-19,334.5,338.20001220703125,330.70001220703125,332.29998779296875
2026-05-20,332.5,334.20001220703125,328.79998779296875,330.8999938964844
2026-05-21,330.8999938964844,331.20001220703125,327.20001220703125,328.3999938964844
2026-05-22,327.70001220703125,333.29998779296875,326.20001220703125,331.8999938964844
2026-05-26,331.8999938964844,331.8999938964844,328.1000061035156,328.6000061035156
2026-05-27,328.79998779296875,332.5,327.6000061035156,330.6000061035156
2026-05-28,330.8999938964844,335.1000061035156,330.70001220703125,334.1000061035156
2026-05-29,334.5,335.1000061035156,329.20001220703125,329.79998779296875
2026-06-01,329.8999938964844,331.79998779296875,325.6000061035156,326.5
2026-06-02,326.5,328.0,323.8999938964844,326.20001220703125
2026-06-03,326.3999938964844,328.3999938964844,320.3999938964844,320.79998779296875
2026-06-04,320.79998779296875,321.5,310.79998779296875,313.70001220703125
2026-06-05,313.20001220703125,315.0,307.70001220703125,308.5
