Date,soybean_open,soybean_high,soybean_low,soybean_close
2023-01-03,1519.25,1523.25,1485.0,1487.25
2023-01-04,1491.75,1496.25,1477.25,1478.25
2023-01-05,1481.25,1481.25,1462.0,1466.75
2023-01-06,1471.75,1503.25,1471.75,1501.5
2023-01-09,1506.0,1513.0,1502.0,1503.5
2023-01-10,1501.5,1518.5,1501.5,1510.0
2023-01-11,1515.25,1520.5,1510.0,1515.0
2023-01-12,1511.5,1541.75,1511.5,1529.5
2023-01-13,1525.0,1538.25,1525.0,1538.25
2023-01-17,1518.75,1541.0,1512.5,1539.75
2023-01-18,1537.0,1548.5,1511.25,1524.5
2023-01-19,1523.5,1528.5,1509.0,1514.75
2023-01-20,1514.25,1521.75,1504.0,1506.5
2023-01-23,1500.0,1503.0,1479.75,1490.25
2023-01-24,1491.5,1506.5,1487.0,1488.5
2023-01-25,1488.25,1504.75,1478.25,1502.5
2023-01-26,1506.5,1526.25,1500.0,1523.5
2023-01-27,1521.75,1527.0,1506.5,1509.5
2023-01-30,1516.25,1538.0,1516.25,1535.25
2023-01-31,1533.5,1543.75,1524.5,1538.0
2023-02-01,1537.5,1542.75,1510.75,1520.25
2023-02-02,1522.75,1537.75,1522.5,1534.25
2023-02-03,1533.5,1539.75,1524.75,1532.0
2023-02-06,1532.0,1535.5,1516.75,1521.25
2023-02-07,1521.0,1530.5,1511.0,1515.25
2023-02-08,1516.0,1527.75,1505.75,1519.75
2023-02-09,1518.5,1533.75,1512.0,1519.25
2023-02-10,1518.0,1543.25,1515.5,1542.5
2023-02-13,1542.0,1555.5,1537.0,1542.75
2023-02-14,1542.0,1544.75,1532.75,1537.5
2023-02-15,1536.5,1537.0,1516.5,1525.75
2023-02-16,1525.25,1532.25,1520.5,1526.5
2023-02-17,1526.0,1533.25,1524.25,1527.25
2023-02-21,1536.5,1549.0,1535.0,1548.75
2023-02-22,1546.75,1554.0,1538.0,1539.5
2023-02-23,1539.75,1545.25,1532.75,1534.25
2023-02-24,1536.25,1544.25,1526.0,1529.0
2023-02-27,1529.5,1533.5,1515.25,1518.25
2023-02-28,1518.25,1518.25,1489.5,1490.5
2023-03-01,1491.5,1509.5,1491.5,1504.25
2023-03-02,1504.5,1526.5,1501.5,1519.75
2023-03-03,1519.5,1537.0,1519.25,1530.5
2023-03-06,1528.75,1550.0,1523.75,1541.0
2023-03-07,1538.0,1538.0,1523.75,1525.25
2023-03-08,1525.25,1539.0,1524.5,1526.75
2023-03-09,1529.5,1535.5,1516.0,1520.0
2023-03-10,1515.0,1521.75,1511.0,1513.0
2023-03-13,1521.75,1524.75,1500.0,1500.0
2023-03-14,1501.0,1502.5,1499.75,1499.75
2023-03-15,1494.0,1500.0,1480.0,1489.25
2023-03-16,1489.25,1498.0,1478.0,1491.5
2023-03-17,1492.5,1498.0,1470.0,1476.5
2023-03-20,1473.0,1487.75,1462.0,1486.0
2023-03-21,1483.75,1497.0,1465.0,1467.0
2023-03-22,1467.75,1472.0,1443.25,1448.5
2023-03-23,1450.0,1454.25,1415.25,1419.5
2023-03-24,1419.5,1432.0,1405.0,1428.25
2023-03-27,1428.75,1445.5,1423.25,1442.25
2023-03-28,1441.5,1469.75,1439.75,1467.75
2023-03-29,1466.0,1479.75,1462.5,1477.25
2023-03-30,1476.5,1483.5,1471.0,1474.5
2023-03-31,1473.25,1513.75,1468.0,1505.5
2023-04-03,1510.0,1527.75,1509.75,1522.0
2023-04-04,1520.0,1523.75,1505.5,1517.5
2023-04-05,1517.5,1527.0,1506.5,1511.0
2023-04-06,1510.0,1510.25,1483.25,1492.5
2023-04-10,1493.25,1499.75,1482.5,1487.25
2023-04-11,1487.75,1507.5,1486.25,1497.25
2023-04-12,1497.5,1510.5,1491.0,1504.25
2023-04-13,1504.25,1522.25,1500.5,1501.0
2023-04-14,1502.0,1503.75,1490.0,1500.5
2023-04-17,1500.5,1519.0,1496.25,1517.0
2023-04-18,1515.75,1531.5,1511.0,1519.25
2023-04-19,1517.25,1521.5,1506.0,1506.5
2023-04-20,1505.0,1506.0,1488.25,1497.5
2023-04-21,1497.0,1500.0,1480.0,1483.5
2023-04-24,1483.5,1500.0,1463.25,1465.25
2023-04-25,1463.5,1471.25,1437.75,1445.25
2023-04-26,1445.25,1456.5,1434.0,1436.0
2023-04-27,1435.0,1443.0,1420.75,1426.75
2023-04-28,1432.75,1449.0,1425.0,1444.25
2023-05-01,1444.5,1455.25,1441.0,1454.75
2023-05-02,1460.0,1467.0,1437.5,1439.5
2023-05-03,1435.0,1449.0,1422.0,1448.0
2023-05-04,1448.0,1454.0,1438.75,1448.5
2023-05-05,1452.0,1470.0,1452.0,1469.0
2023-05-08,1477.0,1477.0,1464.5,1468.75
2023-05-09,1467.75,1467.75,1448.75,1451.75
2023-05-10,1459.75,1459.75,1436.0,1436.5
2023-05-11,1437.75,1446.0,1420.0,1443.25
2023-05-12,1435.0,1435.0,1435.0,1435.0
2023-05-15,1388.75,1411.5,1386.25,1400.75
2023-05-16,1400.0,1401.75,1358.75,1364.0
2023-05-17,1365.0,1365.75,1332.75,1337.0
2023-05-18,1336.5,1348.0,1323.25,1333.25
2023-05-19,1333.25,1345.0,1304.75,1307.25
2023-05-22,1308.25,1344.25,1304.75,1341.25
2023-05-23,1341.0,1341.25,1315.5,1322.5
2023-05-24,1322.5,1337.75,1316.0,1324.5
2023-05-25,1324.25,1333.5,1305.0,1324.0
2023-05-26,1323.75,1343.5,1322.0,1337.25
2023-05-30,1337.25,1337.25,1294.25,1296.5
2023-05-31,1298.0,1302.75,1270.75,1299.75
2023-06-01,1299.75,1335.25,1299.25,1329.5
2023-06-02,1329.0,1355.25,1322.0,1352.5
2023-06-05,1353.25,1361.5,1343.5,1350.0
2023-06-06,1352.0,1364.0,1340.25,1353.25
2023-06-07,1353.25,1370.75,1350.0,1360.75
2023-06-08,1358.0,1371.75,1352.0,1363.25
2023-06-09,1360.5,1388.0,1356.25,1386.5
2023-06-12,1390.0,1392.75,1368.5,1372.75
2023-06-13,1373.25,1415.5,1371.75,1399.25
2023-06-14,1398.75,1399.0,1380.0,1388.25
2023-06-15,1389.75,1432.0,1387.5,1428.25
2023-06-16,1426.0,1468.25,1426.0,1466.5
2023-06-20,1472.75,1489.25,1459.75,1477.25
2023-06-21,1489.0,1521.25,1479.0,1514.75
2023-06-22,1513.25,1519.5,1468.5,1500.5
2023-06-23,1500.0,1501.5,1470.25,1494.5
2023-06-26,1486.25,1525.0,1477.75,1521.0
2023-06-27,1523.0,1524.75,1490.0,1495.0
2023-06-28,1486.75,1499.75,1435.75,1451.0
2023-06-29,1447.75,1485.5,1445.25,1483.0
2023-06-30,1482.0,1568.0,1480.25,1557.25
2023-07-03,1557.25,1616.5,1556.0,1562.0
2023-07-05,1562.25,1589.0,1544.0,1547.25
2023-07-06,1538.25,1544.0,1519.25,1525.75
2023-07-07,1523.5,1523.5,1480.0,1485.5
2023-07-10,1484.0,1524.75,1484.0,1508.0
2023-07-11,1515.75,1533.5,1515.75,1520.5
2023-07-12,1545.5,1545.5,1477.0,1488.5
2023-07-13,1489.0,1518.0,1489.0,1518.0
2023-07-14,1507.0,1511.5,1495.75,1495.75
2023-07-17,1490.75,1497.0,1477.75,1484.0
2023-07-18,1476.5,1501.0,1474.25,1492.0
2023-07-19,1492.0,1518.25,1485.0,1491.5
2023-07-20,1489.0,1501.5,1480.75,1495.0
2023-07-21,1491.75,1504.0,1485.0,1501.0
2023-07-24,1507.5,1537.0,1500.0,1523.25
2023-07-25,1521.75,1527.25,1502.75,1515.5
2023-07-26,1513.75,1558.0,1506.0,1546.25
2023-07-27,1549.0,1580.75,1529.25,1532.0
2023-07-28,1530.5,1531.5,1483.5,1486.75
2023-07-31,1486.5,1486.5,1430.25,1445.75
2023-08-01,1446.5,1465.0,1433.75,1446.75
2023-08-02,1447.25,1447.25,1420.25,1429.75
2023-08-03,1431.0,1445.0,1424.75,1428.75
2023-08-04,1446.0,1446.0,1434.0,1444.0
2023-08-07,1430.0,1430.0,1405.0,1414.5
2023-08-08,1400.25,1431.25,1395.0,1430.0
2023-08-09,1436.0,1438.0,1430.75,1431.5
2023-08-10,1431.75,1438.5,1410.0,1412.0
2023-08-11,1353.25,1409.0,1353.25,1401.25
2023-08-14,1422.0,1422.0,1391.0,1391.0
2023-08-15,1344.25,1348.75,1319.5,1323.25
2023-08-16,1323.75,1344.25,1321.25,1334.75
2023-08-17,1337.0,1347.75,1332.5,1336.75
2023-08-18,1338.0,1365.5,1337.75,1362.75
2023-08-21,1369.0,1386.75,1364.5,1370.0
2023-08-22,1369.5,1381.0,1341.75,1351.5
2023-08-23,1350.25,1362.25,1333.75,1359.5
2023-08-24,1359.5,1370.75,1352.0,1365.75
2023-08-25,1364.0,1382.0,1361.25,1381.0
2023-08-28,1388.25,1400.75,1383.75,1395.25
2023-08-29,1382.75,1394.0,1380.5,1382.0
2023-08-30,1378.5,1391.75,1366.75,1381.25
2023-08-31,1381.0,1381.0,1360.0,1360.0
2023-09-01,1362.0,1374.0,1355.0,1356.25
2023-09-05,1359.5,1359.5,1348.0,1349.0
2023-09-06,1365.5,1365.5,1359.5,1360.25
2023-09-07,1349.5,1350.0,1345.0,1345.0
2023-09-08,1339.0,1349.5,1339.0,1349.5
2023-09-11,1352.5,1352.5,1352.0,1352.5
2023-09-12,1348.75,1348.75,1331.75,1331.75
2023-09-13,1325.5,1336.0,1325.5,1336.0
2023-09-14,1343.75,1343.75,1343.75,1343.75
2023-09-15,1360.5,1367.75,1338.25,1340.25
2023-09-18,1340.0,1344.5,1315.5,1316.75
2023-09-19,1315.0,1319.75,1308.0,1315.5
2023-09-20,1315.25,1322.75,1310.25,1320.0
2023-09-21,1319.75,1322.0,1293.0,1293.75
2023-09-22,1294.0,1303.0,1292.5,1296.25
2023-09-25,1295.25,1300.0,1284.5,1297.75
2023-09-26,1299.25,1307.75,1289.0,1302.75
2023-09-27,1302.75,1317.0,1297.5,1303.25
2023-09-28,1303.0,1307.0,1287.0,1300.5
2023-09-29,1300.5,1305.5,1272.5,1275.0
2023-10-02,1272.5,1279.5,1265.75,1277.0
2023-10-03,1276.5,1278.75,1256.75,1272.75
2023-10-04,1272.0,1285.0,1268.75,1273.0
2023-10-05,1271.75,1283.75,1262.0,1280.75
2023-10-06,1279.5,1287.25,1263.5,1266.0
2023-10-09,1267.0,1277.5,1258.25,1264.25
2023-10-10,1263.0,1273.25,1254.25,1271.5
2023-10-11,1271.5,1274.25,1251.0,1252.5
2023-10-12,1252.5,1299.75,1250.5,1290.0
2023-10-13,1286.75,1298.5,1273.5,1280.25
2023-10-16,1280.0,1289.0,1279.5,1286.25
2023-10-17,1286.0,1303.5,1285.5,1296.75
2023-10-18,1297.0,1313.0,1293.25,1311.0
2023-10-19,1311.0,1317.75,1300.25,1315.5
2023-10-20,1315.0,1318.5,1301.0,1302.25
2023-10-23,1302.0,1304.0,1286.0,1286.75
2023-10-24,1287.0,1297.75,1280.5,1295.25
2023-10-25,1293.0,1301.25,1278.0,1288.25
2023-10-26,1287.5,1297.75,1277.5,1279.5
2023-10-27,1279.25,1303.5,1277.75,1297.25
2023-10-30,1297.0,1308.75,1281.0,1282.75
2023-10-31,1283.0,1300.0,1276.0,1287.0
2023-11-01,1290.0,1296.75,1283.25,1291.25
2023-11-02,1290.25,1306.25,1290.25,1304.0
2023-11-03,1303.5,1330.0,1302.25,1327.5
2023-11-06,1327.5,1345.25,1327.5,1340.5
2023-11-07,1339.5,1366.0,1336.5,1348.75
2023-11-08,1352.0,1368.75,1348.0,1349.0
2023-11-09,1351.0,1353.5,1326.5,1327.75
2023-11-10,1328.0,1335.0,1325.25,1333.5
2023-11-13,1335.0,1369.0,1333.75,1368.0
2023-11-14,1372.0,1372.0,1358.5,1368.75
2023-11-15,1389.0,1398.5,1379.5,1385.0
2023-11-16,1385.0,1387.75,1353.75,1360.25
2023-11-17,1360.0,1361.5,1336.75,1340.25
2023-11-20,1339.25,1368.0,1327.0,1367.25
2023-11-21,1365.5,1389.25,1364.0,1377.25
2023-11-22,1377.0,1378.5,1354.25,1356.5
2023-11-24,1354.5,1355.0,1329.5,1330.75
2023-11-27,1329.5,1339.0,1323.5,1329.75
2023-11-28,1330.25,1350.0,1329.5,1346.5
2023-11-29,1346.5,1352.0,1337.0,1347.0
2023-11-30,1347.0,1351.5,1339.25,1342.75
2023-12-01,1342.0,1343.5,1323.5,1325.0
2023-12-04,1322.5,1329.25,1303.5,1306.25
2023-12-05,1307.25,1315.25,1294.0,1305.5
2023-12-06,1309.25,1313.5,1293.75,1295.5
2023-12-07,1296.0,1318.25,1292.0,1311.75
2023-12-08,1312.5,1330.75,1299.0,1304.0
2023-12-11,1309.5,1338.5,1307.0,1336.0
2023-12-12,1337.25,1344.0,1320.5,1323.75
2023-12-13,1323.0,1323.5,1302.5,1307.5
2023-12-14,1311.0,1319.25,1304.0,1314.0
2023-12-15,1317.0,1320.5,1304.0,1315.75
2023-12-18,1318.0,1328.0,1307.0,1327.0
2023-12-19,1326.5,1328.75,1309.5,1312.5
2023-12-20,1312.5,1321.75,1305.5,1308.25
2023-12-21,1309.5,1310.0,1295.0,1297.25
2023-12-22,1296.75,1308.0,1294.0,1299.75
2023-12-26,1299.75,1314.5,1296.0,1313.25
2023-12-27,1310.5,1318.75,1303.0,1316.75
2023-12-28,1315.75,1324.25,1303.0,1305.25
2023-12-29,1304.75,1311.75,1292.25,1293.5
2024-01-02,1289.5,1289.5,1266.0,1274.0
2024-01-03,1271.5,1275.25,1268.0,1269.5
2024-01-04,1274.25,1274.25,1260.25,1262.0
2024-01-05,1261.25,1261.25,1249.75,1249.75
2024-01-08,1252.75,1252.75,1233.25,1239.5
2024-01-09,1238.5,1243.0,1228.75,1241.5
2024-01-10,1241.5,1241.5,1228.75,1228.75
2024-01-11,1234.0,1235.5,1231.25,1231.25
2024-01-12,1239.75,1240.25,1205.75,1205.75
2024-01-16,1227.0,1237.75,1220.75,1227.25
2024-01-17,1227.25,1231.0,1205.0,1205.75
2024-01-18,1206.0,1216.0,1201.0,1213.5
2024-01-19,1213.0,1227.0,1210.75,1213.25
2024-01-22,1216.75,1225.75,1209.5,1224.25
2024-01-23,1224.25,1240.5,1221.5,1239.5
2024-01-24,1239.0,1246.0,1235.25,1240.25
2024-01-25,1240.0,1247.5,1215.5,1223.0
2024-01-26,1223.5,1230.75,1208.5,1209.25
2024-01-29,1210.75,1212.5,1191.5,1194.25
2024-01-30,1193.75,1221.25,1187.75,1218.75
2024-01-31,1218.75,1223.0,1206.75,1222.25
2024-02-01,1221.25,1221.75,1199.5,1203.25
2024-02-02,1203.25,1208.25,1186.75,1188.5
2024-02-05,1190.0,1198.5,1179.5,1196.25
2024-02-06,1196.0,1205.5,1193.75,1199.5
2024-02-07,1199.0,1202.0,1179.25,1189.0
2024-02-08,1187.0,1204.75,1180.5,1193.5
2024-02-09,1195.0,1198.0,1181.5,1183.5
2024-02-12,1183.75,1196.75,1182.5,1193.0
2024-02-13,1191.75,1197.5,1183.0,1186.25
2024-02-14,1186.25,1190.0,1168.25,1170.5
2024-02-15,1168.0,1174.75,1160.25,1162.25
2024-02-16,1163.75,1173.75,1162.25,1172.25
2024-02-20,1177.75,1188.5,1174.0,1179.0
2024-02-21,1179.0,1179.25,1157.5,1160.75
2024-02-22,1161.0,1167.25,1146.75,1147.75
2024-02-23,1148.0,1154.0,1130.25,1133.0
2024-02-26,1137.0,1142.25,1124.75,1136.0
2024-02-27,1136.0,1152.25,1128.75,1131.25
2024-02-28,1132.25,1144.5,1124.75,1134.0
2024-02-29,1132.0,1136.0,1115.0,1128.25
2024-03-01,1128.25,1143.5,1126.75,1143.0
2024-03-04,1152.0,1158.0,1145.0,1147.0
2024-03-05,1147.0,1147.0,1138.75,1140.75
2024-03-06,1138.5,1140.25,1132.25,1140.25
2024-03-07,1155.0,1157.0,1151.0,1157.0
2024-03-08,1157.0,1170.5,1145.5,1170.5
2024-03-11,1170.0,1170.75,1165.0,1165.0
2024-03-12,1167.0,1182.0,1167.0,1182.0
2024-03-13,1178.25,1182.75,1173.75,1181.75
2024-03-14,1182.0,1198.5,1180.75,1180.75
2024-03-15,1194.5,1200.0,1183.5,1198.25
2024-03-18,1198.5,1206.0,1186.75,1187.75
2024-03-19,1188.0,1192.25,1181.0,1185.5
2024-03-20,1185.5,1211.75,1183.5,1209.5
2024-03-21,1209.0,1226.75,1204.0,1212.0
2024-03-22,1211.0,1211.25,1189.25,1192.5
2024-03-25,1194.0,1210.0,1188.5,1209.25
2024-03-26,1207.5,1208.0,1197.75,1199.0
2024-03-27,1196.75,1198.0,1189.5,1192.5
2024-03-28,1191.75,1199.5,1177.0,1191.5
2024-04-01,1196.25,1201.75,1181.5,1185.75
2024-04-02,1185.5,1199.75,1171.0,1174.0
2024-04-03,1175.5,1186.75,1168.5,1182.25
2024-04-04,1182.25,1186.75,1170.25,1180.0
2024-04-05,1178.0,1190.75,1173.0,1185.0
2024-04-08,1187.75,1193.25,1180.5,1181.5
2024-04-09,1181.5,1184.25,1172.0,1174.5
2024-04-10,1174.75,1180.75,1163.0,1164.75
2024-04-11,1163.75,1166.25,1151.0,1159.25
2024-04-12,1158.5,1179.75,1154.0,1174.0
2024-04-15,1173.25,1176.0,1155.5,1158.25
2024-04-16,1157.25,1163.0,1143.25,1145.0
2024-04-17,1145.0,1155.25,1141.75,1149.5
2024-04-18,1149.0,1149.75,1133.0,1134.25
2024-04-19,1134.0,1153.0,1131.75,1150.5
2024-04-22,1147.75,1167.0,1144.5,1161.0
2024-04-23,1161.0,1169.0,1158.0,1167.5
2024-04-24,1166.5,1177.5,1164.0,1166.0
2024-04-25,1164.75,1166.5,1150.5,1162.75
2024-04-26,1162.25,1164.0,1155.0,1159.5
2024-04-29,1158.5,1171.75,1157.0,1160.75
2024-04-30,1158.75,1163.0,1141.0,1145.5
2024-05-01,1145.0,1156.25,1141.0,1155.75
2024-05-02,1155.75,1200.0,1155.75,1190.0
2024-05-03,1193.0,1202.0,1193.0,1201.75
2024-05-06,1197.0,1236.5,1197.0,1234.75
2024-05-07,1234.5,1240.5,1230.0,1232.25
2024-05-08,1233.5,1233.5,1211.25,1212.75
2024-05-09,1216.5,1218.0,1192.5,1192.75
2024-05-10,1196.75,1205.0,1195.0,1205.0
2024-05-13,1205.5,1205.5,1205.5,1205.5
2024-05-14,1199.0,1199.0,1199.0,1199.0
2024-05-15,1215.0,1232.25,1209.5,1213.5
2024-05-16,1214.0,1219.75,1210.0,1216.25
2024-05-17,1216.5,1231.25,1215.25,1228.0
2024-05-20,1227.25,1250.75,1224.0,1248.0
2024-05-21,1246.5,1249.25,1230.0,1236.25
2024-05-22,1235.0,1249.75,1233.25,1246.25
2024-05-23,1245.75,1258.25,1236.0,1239.25
2024-05-24,1239.0,1251.0,1236.0,1248.0
2024-05-28,1250.25,1254.75,1226.25,1229.5
2024-05-29,1229.0,1231.25,1212.5,1214.0
2024-05-30,1213.0,1220.0,1207.25,1209.75
2024-05-31,1209.75,1223.75,1202.75,1205.0
2024-06-03,1204.25,1205.5,1182.5,1184.5
2024-06-04,1184.0,1189.5,1176.0,1179.0
2024-06-05,1180.25,1191.75,1175.25,1177.25
2024-06-06,1176.5,1204.5,1176.0,1200.0
2024-06-07,1200.5,1202.5,1174.25,1179.25
2024-06-10,1179.25,1190.75,1175.5,1188.25
2024-06-11,1188.25,1193.0,1177.0,1178.0
2024-06-12,1177.25,1186.5,1171.0,1177.25
2024-06-13,1177.0,1191.25,1171.0,1189.5
2024-06-14,1188.75,1189.0,1178.0,1179.75
2024-06-17,1179.0,1179.0,1157.5,1157.75
2024-06-18,1158.25,1175.75,1156.5,1174.0
2024-06-20,1173.0,1175.75,1155.0,1155.25
2024-06-21,1156.0,1168.75,1156.0,1160.5
2024-06-24,1160.5,1179.5,1156.25,1175.25
2024-06-25,1175.0,1180.0,1157.75,1163.25
2024-06-26,1163.0,1177.5,1160.0,1162.75
2024-06-27,1161.5,1169.5,1150.75,1152.25
2024-06-28,1152.0,1167.0,1146.25,1150.5
2024-07-01,1148.25,1161.75,1148.25,1159.5
2024-07-02,1159.25,1175.0,1159.25,1165.0
2024-07-03,1162.25,1180.25,1162.0,1176.5
2024-07-05,1172.25,1191.5,1172.25,1188.5
2024-07-08,1181.75,1181.75,1167.25,1174.25
2024-07-09,1177.0,1185.0,1160.0,1161.5
2024-07-10,1165.25,1165.25,1135.75,1141.25
2024-07-11,1145.0,1145.0,1137.0,1142.75
2024-07-12,1134.5,1134.5,1134.5,1134.5
2024-07-15,1100.0,1101.0,1075.75,1078.0
2024-07-16,1076.75,1096.5,1076.75,1090.5
2024-07-17,1090.0,1102.5,1090.0,1097.25
2024-07-18,1097.5,1101.0,1089.0,1098.5
2024-07-19,1098.0,1107.75,1095.0,1097.25
2024-07-22,1100.5,1119.75,1100.5,1117.75
2024-07-23,1116.5,1129.0,1111.0,1117.5
2024-07-24,1115.25,1123.25,1104.5,1111.0
2024-07-25,1111.0,1120.5,1103.5,1116.0
2024-07-26,1113.25,1117.25,1071.5,1077.5
2024-07-29,1073.75,1073.75,1030.75,1054.75
2024-07-30,1054.75,1059.0,1023.75,1027.25
2024-07-31,1027.25,1048.5,1020.5,1028.5
2024-08-01,1030.0,1034.0,1019.5,1022.0
2024-08-02,1022.0,1031.5,1019.0,1029.25
2024-08-05,1040.0,1045.0,1021.5,1044.25
2024-08-06,1033.0,1038.25,1028.5,1028.5
2024-08-07,1020.75,1023.25,1017.25,1020.25
2024-08-08,1023.25,1023.25,1009.75,1009.75
2024-08-09,1018.0,1028.0,1014.5,1028.0
2024-08-12,1020.5,1038.25,1012.0,1012.0
2024-08-13,1003.0,1003.0,989.0,989.0
2024-08-14,989.5,989.75,979.75,979.75
2024-08-15,951.75,961.0,950.5,951.5
2024-08-16,950.5,952.5,936.25,938.75
2024-08-19,938.0,957.5,938.0,956.25
2024-08-20,955.25,966.25,950.75,957.25
2024-08-21,957.0,966.0,955.5,963.0
2024-08-22,962.0,963.0,940.0,941.25
2024-08-23,941.75,954.0,941.25,952.0
2024-08-26,943.5,961.25,939.25,959.75
2024-08-27,959.0,971.75,957.0,967.5
2024-08-28,968.25,969.5,953.5,958.5
2024-08-29,957.25,975.0,957.0,973.75
2024-08-30,974.5,987.5,971.5,982.0
2024-09-03,978.75,1007.5,978.75,997.0
2024-09-04,987.5,1006.0,987.5,1006.0
2024-09-05,999.5,1008.25,999.5,1008.25
2024-09-06,1008.0,1008.0,989.25,989.25
2024-09-09,1000.25,1000.25,1000.0,1000.0
2024-09-10,980.25,981.75,977.5,977.5
2024-09-11,978.25,979.75,978.25,979.75
2024-09-12,987.5,991.5,987.5,991.5
2024-09-13,986.75,986.75,986.75,986.75
2024-09-16,1005.0,1012.0,999.0,1004.5
2024-09-17,1003.75,1011.0,1002.0,1006.0
2024-09-18,1007.0,1022.0,1006.25,1014.0
2024-09-19,1015.0,1018.25,1006.75,1013.25
2024-09-20,1012.5,1019.0,1001.25,1012.0
2024-09-23,1012.0,1041.75,1012.0,1039.25
2024-09-24,1037.0,1058.25,1032.75,1042.25
2024-09-25,1042.0,1054.5,1031.25,1053.25
2024-09-26,1051.75,1064.75,1039.75,1041.0
2024-09-27,1039.75,1069.5,1034.25,1065.75
2024-09-30,1060.25,1069.75,1052.0,1057.0
2024-10-01,1055.75,1065.5,1045.0,1057.25
2024-10-02,1055.0,1063.75,1042.5,1056.0
2024-10-03,1053.75,1056.25,1041.75,1046.0
2024-10-04,1045.0,1055.25,1036.25,1037.75
2024-10-07,1033.5,1039.0,1026.5,1034.0
2024-10-08,1032.5,1039.5,1011.5,1016.25
2024-10-09,1015.0,1027.25,1011.5,1020.25
2024-10-10,1019.75,1025.5,1011.75,1014.75
2024-10-11,1014.5,1023.75,1004.0,1005.5
2024-10-14,1002.0,1008.5,995.5,996.0
2024-10-15,995.0,996.0,981.0,991.0
2024-10-16,991.0,1001.5,978.25,980.0
2024-10-17,978.75,991.25,968.25,988.75
2024-10-18,989.5,995.5,969.25,970.0
2024-10-21,970.0,983.75,969.0,981.0
2024-10-22,980.5,997.0,976.75,991.75
2024-10-23,992.0,999.75,985.0,997.5
2024-10-24,997.5,1012.25,994.25,996.25
2024-10-25,996.25,996.25,984.0,987.75
2024-10-28,984.0,985.5,973.5,974.0
2024-10-29,974.75,980.5,965.0,965.25
2024-10-30,965.0,979.0,963.75,976.5
2024-10-31,977.5,985.5,975.5,982.5
2024-11-01,984.25,997.25,978.25,982.5
2024-11-04,990.0,995.0,982.5,987.25
2024-11-05,992.25,996.75,991.0,993.75
2024-11-06,991.75,997.5,973.0,994.5
2024-11-07,997.0,1015.5,989.75,1015.5
2024-11-08,1015.0,1030.0,1006.0,1016.75
2024-11-11,1020.75,1025.75,1011.0,1011.75
2024-11-12,1011.75,1011.75,998.75,1003.5
2024-11-13,1001.25,1004.25,999.0,1004.25
2024-11-14,990.25,990.25,985.75,985.75
2024-11-15,988.0,1005.25,987.25,998.5
2024-11-18,1002.5,1011.5,989.5,1009.75
2024-11-19,1009.75,1012.75,995.25,998.5
2024-11-20,998.5,1001.5,985.25,990.5
2024-11-21,991.0,998.75,976.25,977.75
2024-11-22,980.75,985.25,975.25,983.5
2024-11-25,987.5,993.25,983.0,985.75
2024-11-26,980.0,991.25,976.75,983.5
2024-11-27,984.0,994.25,983.25,988.75
2024-11-29,993.25,998.0,982.75,989.5
2024-12-02,989.5,990.5,977.5,985.25
2024-12-03,985.0,999.0,983.5,991.75
2024-12-04,991.5,992.0,980.5,983.75
2024-12-05,983.5,994.75,982.25,993.75
2024-12-06,993.0,997.5,987.75,993.75
2024-12-09,992.25,1003.5,985.75,990.0
2024-12-10,990.0,1000.0,988.5,994.75
2024-12-11,994.0,1001.0,988.0,995.5
2024-12-12,995.0,998.25,988.5,995.75
2024-12-13,994.25,995.0,986.0,988.25
2024-12-16,987.5,993.5,981.0,982.0
2024-12-17,982.5,986.25,970.5,976.75
2024-12-18,976.75,977.5,950.25,951.75
2024-12-19,950.25,964.75,945.25,963.0
2024-12-20,962.5,977.5,960.0,974.5
2024-12-23,974.5,979.25,968.0,969.5
2024-12-24,968.25,975.75,966.0,975.25
2024-12-26,979.0,989.75,975.0,988.0
2024-12-27,986.5,989.25,979.25,980.0
2024-12-30,983.5,994.75,974.75,982.0
2024-12-31,980.5,999.5,980.0,998.25
2025-01-02,996.5,1004.0,990.75,999.5
2025-01-03,1002.25,1002.25,978.75,981.0
2025-01-06,982.75,997.5,982.75,992.5
2025-01-07,991.0,993.25,982.5,992.25
2025-01-08,994.0,994.0,985.75,987.5
2025-01-09,982.75,992.25,980.5,992.25
2025-01-10,992.0,1018.5,992.0,1013.5
2025-01-13,1022.0,1044.0,1021.5,1041.5
2025-01-14,1043.0,1049.0,1035.0,1043.0
2025-01-15,1046.0,1054.0,1039.75,1042.75
2025-01-16,1042.0,1042.75,1018.5,1019.0
2025-01-17,1019.0,1039.0,1019.0,1034.0
2025-01-21,1045.0,1068.0,1039.0,1067.25
2025-01-22,1066.0,1073.5,1051.75,1056.0
2025-01-23,1055.0,1076.25,1047.75,1065.5
2025-01-24,1051.0,1063.0,1046.75,1055.75
2025-01-27,1050.0,1051.0,1040.0,1045.0
2025-01-28,1042.75,1050.75,1041.0,1045.0
2025-01-29,1045.0,1061.75,1044.5,1060.5
2025-01-30,1060.0,1060.5,1042.0,1044.0
2025-01-31,1042.75,1052.0,1034.0,1042.0
2025-02-03,1032.0,1060.25,1031.75,1058.25
2025-02-04,1057.5,1077.25,1048.25,1075.0
2025-02-05,1073.5,1079.75,1053.0,1057.0
2025-02-06,1057.25,1066.5,1049.75,1060.5
2025-02-07,1060.5,1063.75,1047.5,1049.5
2025-02-10,1046.5,1052.25,1043.0,1049.5
2025-02-11,1049.0,1057.0,1041.5,1043.5
2025-02-12,1043.5,1047.0,1024.5,1027.75
2025-02-13,1028.5,1032.5,1024.0,1030.0
2025-02-14,1030.0,1046.75,1029.5,1036.0
2025-02-18,1033.0,1041.75,1026.0,1038.5
2025-02-19,1037.0,1047.75,1029.25,1031.75
2025-02-20,1032.25,1046.0,1031.75,1045.5
2025-02-21,1043.75,1049.25,1036.5,1039.5
2025-02-24,1038.25,1043.0,1027.0,1029.0
2025-02-25,1029.0,1035.0,1019.5,1031.25
2025-02-26,1030.0,1032.75,1021.25,1024.5
2025-02-27,1024.0,1034.0,1021.0,1022.75
2025-02-28,1023.25,1031.5,1011.0,1011.5
2025-03-03,1012.0,1014.5,995.25,998.25
2025-03-04,995.25,1000.25,978.0,984.0
2025-03-05,991.0,998.75,983.25,997.75
2025-03-06,999.0,1019.25,999.0,1014.0
2025-03-07,1011.0,1015.0,1010.0,1010.25
2025-03-10,1013.0,1013.0,999.75,999.75
2025-03-11,998.0,1006.25,997.0,997.75
2025-03-12,997.5,997.5,982.75,987.5
2025-03-13,999.25,999.25,996.75,996.75
2025-03-14,999.25,999.25,999.25,999.25
2025-03-17,1016.25,1021.75,1010.25,1015.5
2025-03-18,1015.0,1021.75,1011.25,1012.75
2025-03-19,1012.0,1016.0,1006.5,1008.25
2025-03-20,1009.0,1014.5,1004.0,1013.0
2025-03-21,1013.5,1016.75,1004.25,1009.75
2025-03-24,1010.0,1011.5,1003.25,1007.25
2025-03-25,1007.0,1007.75,998.25,1001.75
2025-03-26,1002.75,1008.75,997.5,1001.0
2025-03-27,1001.0,1017.75,999.75,1016.75
2025-03-28,1015.0,1023.5,1009.0,1023.0
2025-03-31,1023.0,1031.5,1013.25,1014.75
2025-04-01,1014.75,1034.75,1010.5,1034.25
2025-04-02,1032.0,1033.0,1024.5,1029.5
2025-04-03,1011.0,1020.25,1005.25,1011.5
2025-04-04,1011.0,1012.75,970.25,977.0
2025-04-07,971.75,993.5,969.5,983.0
2025-04-08,983.25,1002.25,982.5,992.75
2025-04-09,989.0,1015.5,987.5,1012.75
2025-04-10,1015.25,1029.5,1010.75,1029.0
2025-04-11,1026.5,1044.5,1021.75,1042.75
2025-04-14,1040.75,1049.5,1036.75,1041.75
2025-04-15,1040.5,1041.25,1030.75,1036.0
2025-04-16,1035.25,1045.75,1028.0,1038.75
2025-04-17,1038.0,1045.25,1032.0,1036.5
2025-04-21,1039.75,1043.75,1029.0,1029.5
2025-04-22,1030.75,1039.5,1030.0,1035.0
2025-04-23,1037.5,1046.0,1034.25,1040.25
2025-04-24,1042.0,1055.0,1039.0,1053.0
2025-04-25,1053.0,1058.0,1046.75,1049.75
2025-04-28,1049.5,1054.0,1041.5,1052.0
2025-04-29,1051.5,1052.75,1034.75,1041.0
2025-04-30,1040.5,1042.5,1028.25,1034.75
2025-05-01,1034.5,1043.0,1027.0,1040.25
2025-05-02,1039.5,1051.5,1039.5,1048.75
2025-05-05,1044.5,1046.5,1037.0,1038.0
2025-05-06,1038.0,1038.0,1030.0,1034.75
2025-05-07,1038.0,1045.0,1030.0,1030.5
2025-05-08,1030.0,1039.0,1029.0,1036.75
2025-05-09,1036.5,1048.0,1036.5,1044.0
2025-05-12,1046.0,1066.0,1046.0,1066.0
2025-05-13,1069.0,1071.0,1067.25,1067.25
2025-05-14,1075.0,1075.0,1048.25,1067.0
2025-05-15,1073.0,1073.25,1046.0,1051.25
2025-05-16,1052.5,1059.75,1047.25,1050.0
2025-05-19,1050.25,1056.0,1045.75,1050.75
2025-05-20,1050.75,1056.75,1046.25,1053.0
2025-05-21,1052.75,1067.5,1052.75,1062.75
2025-05-22,1057.0,1070.75,1051.0,1067.5
2025-05-23,1071.0,1073.25,1055.5,1060.25
2025-05-27,1061.25,1067.75,1059.0,1062.5
2025-05-28,1061.75,1064.25,1047.5,1048.5
2025-05-29,1055.5,1055.75,1040.0,1051.75
2025-05-30,1049.0,1050.5,1040.25,1041.75
2025-06-02,1042.25,1042.75,1032.5,1033.5
2025-06-03,1034.5,1044.0,1032.75,1040.75
2025-06-04,1040.5,1053.0,1037.75,1045.0
2025-06-05,1044.75,1056.75,1040.0,1051.75
2025-06-06,1050.75,1060.5,1047.0,1057.25
2025-06-09,1057.5,1061.75,1053.5,1056.0
2025-06-10,1057.25,1063.75,1055.75,1057.75
2025-06-11,1057.75,1062.75,1049.25,1050.5
2025-06-12,1049.0,1056.25,1038.5,1042.25
2025-06-13,1042.25,1071.0,1040.75,1069.75
2025-06-16,1069.5,1079.25,1064.25,1069.75
2025-06-17,1069.75,1075.25,1063.75,1074.0
2025-06-18,1072.25,1079.75,1069.5,1074.75
2025-06-20,1074.0,1080.5,1067.0,1068.0
2025-06-23,1072.5,1073.75,1056.0,1058.75
2025-06-24,1055.0,1062.25,1046.25,1046.75
2025-06-25,1047.25,1054.75,1023.5,1025.25
2025-06-26,1027.25,1030.5,1017.25,1022.75
2025-06-27,1023.25,1034.25,1020.0,1027.75
2025-06-30,1030.0,1039.25,1018.25,1024.25
2025-07-01,1022.0,1026.5,1012.25,1024.75
2025-07-02,1027.25,1050.75,1027.25,1050.5
2025-07-03,1055.25,1061.5,1050.5,1056.25
2025-07-07,1040.75,1051.0,1030.25,1031.75
2025-07-08,1038.75,1040.5,1024.25,1024.25
2025-07-09,1023.5,1023.5,1012.25,1012.25
2025-07-10,1005.25,1013.0,1004.5,1012.5
2025-07-11,1012.5,1015.5,1004.0,1004.0
2025-07-14,1002.0,1002.0,997.0,997.0
2025-07-15,997.25,1002.5,993.0,995.0
2025-07-16,996.25,1014.5,996.0,1013.5
2025-07-17,1012.5,1022.5,1009.5,1021.5
2025-07-18,1021.25,1037.25,1020.25,1027.75
2025-07-21,1024.0,1028.5,1011.5,1015.0
2025-07-22,1016.0,1017.5,1005.0,1010.25
2025-07-23,1010.5,1019.25,1004.75,1005.75
2025-07-24,1005.0,1010.75,999.0,1004.25
2025-07-25,1004.75,1008.25,996.5,998.75
2025-07-28,995.0,996.25,986.75,988.75
2025-07-29,987.75,990.75,976.75,981.75
2025-07-30,982.0,984.0,967.5,967.75
2025-07-31,970.25,972.5,960.75,961.75
2025-08-01,962.0,965.25,961.75,961.75
2025-08-04,969.5,970.25,968.25,969.0
2025-08-05,969.0,970.25,968.0,969.0
2025-08-06,973.75,977.5,961.5,961.5
2025-08-07,966.0,971.75,966.0,971.75
2025-08-08,968.5,975.75,966.75,966.75
2025-08-11,988.0,991.75,988.0,989.5
2025-08-12,978.5,1011.75,975.0,1011.75
2025-08-13,1013.5,1025.5,1013.5,1023.5
2025-08-14,1008.5,1008.5,1008.5,1008.5
2025-08-15,1008.5,1023.0,1005.75,1022.25
2025-08-18,1021.5,1027.0,1014.25,1020.75
2025-08-19,1021.5,1025.25,1009.75,1013.0
2025-08-20,1013.0,1019.25,1011.0,1015.0
2025-08-21,1015.0,1035.25,1011.5,1034.5
2025-08-22,1032.75,1040.5,1030.5,1036.5
2025-08-25,1036.0,1039.5,1023.5,1025.5
2025-08-26,1025.0,1034.5,1019.5,1028.75
2025-08-27,1028.25,1033.25,1024.0,1027.25
2025-08-28,1027.75,1030.75,1019.5,1028.25
2025-08-29,1028.0,1037.0,1024.0,1036.75
2025-09-02,1035.0,1035.0,1019.5,1025.75
2025-09-03,1019.25,1019.75,1015.5,1016.0
2025-09-04,1012.0,1012.0,1007.5,1012.0
2025-09-05,1015.0,1015.0,1006.5,1006.5
2025-09-08,1007.5,1013.5,1005.5,1013.5
2025-09-09,1011.5,1011.5,1011.5,1011.5
2025-09-10,1007.75,1009.75,1005.5,1005.5
2025-09-11,1015.25,1015.25,1015.25,1015.25
2025-09-12,1025.75,1025.75,1025.75,1025.75
2025-09-15,1043.0,1051.25,1039.75,1042.75
2025-09-16,1043.0,1052.5,1041.75,1049.75
2025-09-17,1049.25,1052.75,1042.0,1043.75
2025-09-18,1043.75,1044.5,1035.25,1037.5
2025-09-19,1038.5,1047.75,1024.0,1025.5
2025-09-22,1024.25,1025.0,1006.25,1011.0
2025-09-23,1010.75,1015.5,1005.0,1012.0
2025-09-24,1011.25,1020.25,1005.75,1009.0
2025-09-25,1008.5,1017.0,1006.5,1012.25
2025-09-26,1012.0,1015.75,1008.75,1013.75
2025-09-29,1011.75,1013.75,1006.0,1010.5
2025-09-30,1009.25,1009.25,1000.5,1001.75
2025-10-01,1000.25,1020.0,993.75,1013.0
2025-10-02,1013.0,1025.5,1008.25,1023.75
2025-10-03,1021.0,1028.75,1016.5,1018.0
2025-10-06,1015.25,1023.25,1014.0,1017.75
2025-10-07,1017.0,1025.5,1016.0,1022.0
2025-10-08,1021.25,1030.0,1020.0,1029.5
2025-10-09,1029.0,1030.0,1020.75,1022.25
2025-10-10,1021.5,1024.75,1002.5,1006.75
2025-10-13,1006.0,1013.0,1003.0,1007.75
2025-10-14,1007.0,1009.75,1001.0,1006.5
2025-10-15,1006.5,1011.75,1002.0,1006.5
2025-10-16,1006.25,1019.75,1006.0,1010.75
2025-10-17,1010.75,1021.5,1010.5,1019.5
2025-10-20,1020.0,1033.75,1019.75,1031.75
2025-10-21,1031.75,1038.0,1027.75,1030.75
2025-10-22,1030.0,1038.0,1027.5,1034.75
2025-10-23,1034.75,1045.0,1033.5,1044.75
2025-10-24,1044.25,1045.5,1040.75,1041.75
2025-10-27,1052.5,1072.75,1052.25,1067.25
2025-10-28,1066.5,1091.5,1065.25,1078.25
2025-10-29,1075.75,1084.75,1068.5,1080.25
2025-10-30,1077.5,1101.0,1057.0,1091.25
2025-10-31,1089.25,1100.0,1085.25,1099.75
2025-11-03,1099.0,1120.75,1099.0,1119.75
2025-11-04,1116.5,1119.0,1100.75,1108.25
2025-11-05,1106.25,1120.25,1106.25,1119.75
2025-11-06,1115.0,1115.0,1090.0,1091.75
2025-11-07,1093.5,1102.5,1093.25,1101.75
2025-11-10,1106.25,1116.0,1106.25,1116.0
2025-11-11,1110.5,1115.0,1106.0,1113.25
2025-11-12,1120.75,1120.75,1110.0,1120.5
2025-11-13,1120.25,1135.75,1115.5,1132.0
2025-11-14,1133.0,1138.75,1112.75,1112.75
2025-11-17,1120.0,1160.25,1114.25,1157.25
2025-11-18,1155.5,1169.5,1147.75,1153.5
2025-11-19,1152.25,1152.5,1135.0,1136.25
2025-11-20,1135.5,1142.75,1121.5,1122.5
2025-11-21,1122.5,1127.5,1113.25,1125.0
2025-11-24,1128.25,1131.0,1116.25,1123.25
2025-11-25,1121.75,1128.75,1117.25,1124.75
2025-11-26,1125.5,1135.25,1122.75,1131.5
2025-11-28,1131.75,1138.75,1129.75,1137.75
2025-12-01,1140.0,1142.25,1127.0,1128.0
2025-12-02,1126.5,1135.75,1123.25,1124.75
2025-12-03,1125.25,1130.75,1115.5,1115.75
2025-12-04,1117.0,1124.5,1114.0,1119.5
2025-12-05,1119.25,1121.0,1104.5,1105.25
2025-12-08,1105.0,1107.5,1092.25,1093.75
2025-12-09,1093.75,1094.75,1084.5,1087.25
2025-12-10,1087.5,1093.25,1081.5,1091.25
2025-12-11,1091.0,1096.0,1086.25,1093.5
2025-12-12,1093.0,1094.5,1075.75,1076.75
2025-12-15,1074.5,1080.0,1067.0,1071.75
2025-12-16,1072.0,1076.25,1059.5,1062.75
2025-12-17,1063.5,1067.5,1053.5,1058.25
2025-12-18,1058.25,1061.25,1051.0,1052.25
2025-12-19,1052.25,1054.0,1047.0,1049.25
2025-12-22,1048.5,1056.0,1048.5,1053.25
2025-12-23,1053.5,1057.75,1049.75,1051.5
2025-12-24,1051.25,1064.75,1050.75,1063.25
2025-12-26,1067.0,1069.25,1057.0,1058.75
2025-12-29,1060.5,1063.5,1049.0,1049.5
2025-12-30,1049.5,1053.5,1044.0,1046.25
2025-12-31,1045.0,1046.75,1030.0,1030.5
2026-01-02,1030.0,1030.0,1022.0,1029.5
2026-01-05,1036.75,1048.0,1035.75,1047.25
2026-01-06,1048.25,1053.0,1042.0,1042.0
2026-01-07,1044.75,1055.0,1044.75,1052.75
2026-01-08,1050.25,1053.0,1047.0,1047.0
2026-01-09,1047.5,1053.0,1047.5,1048.5
2026-01-12,1053.75,1056.5,1033.0,1033.0
2026-01-13,1029.25,1029.75,1023.25,1023.25
2026-01-14,1027.25,1033.25,1027.25,1030.5
2026-01-15,1043.5,1058.25,1041.5,1053.0
2026-01-16,1053.0,1059.0,1047.75,1057.75
2026-01-20,1053.0,1061.75,1052.0,1053.0
2026-01-21,1053.25,1069.25,1053.0,1064.5
2026-01-22,1064.5,1072.5,1060.5,1064.0
2026-01-23,1063.5,1071.5,1061.25,1067.75
2026-01-26,1067.75,1076.25,1059.75,1061.75
2026-01-27,1060.25,1069.5,1058.5,1067.25
2026-01-28,1067.25,1084.75,1067.0,1075.0
2026-01-29,1075.0,1085.5,1069.0,1072.25
2026-01-30,1072.5,1074.0,1061.0,1064.25
2026-02-02,1063.5,1064.0,1051.75,1060.25
2026-02-03,1060.5,1071.0,1060.0,1065.75
2026-02-04,1066.75,1115.25,1059.5,1092.25
2026-02-05,1090.25,1113.25,1086.75,1112.25
2026-02-06,1108.5,1137.75,1102.0,1115.25
2026-02-09,1112.25,1116.25,1106.0,1110.75
2026-02-10,1110.0,1124.0,1106.25,1122.5
2026-02-11,1122.5,1128.25,1113.0,1124.0
2026-02-12,1129.5,1141.5,1128.5,1137.25
2026-02-13,1136.0,1139.5,1122.0,1133.0
2026-02-17,1132.25,1139.25,1125.75,1134.0
2026-02-18,1135.0,1144.0,1127.75,1133.5
2026-02-19,1132.25,1142.0,1129.25,1141.0
2026-02-20,1141.0,1148.25,1121.5,1137.5
2026-02-23,1134.0,1148.5,1127.5,1134.25
2026-02-24,1134.5,1141.5,1128.0,1139.5
2026-02-25,1138.75,1150.0,1132.25,1148.25
2026-02-26,1147.75,1156.0,1129.25,1147.75
2026-02-27,1147.5,1161.0,1146.0,1157.25
2026-03-02,1165.0,1169.75,1146.5,1150.0
2026-03-03,1153.0,1169.25,1149.5,1155.75
2026-03-04,1157.5,1159.0,1152.0,1154.5
2026-03-05,1159.5,1165.25,1153.5,1163.75
2026-03-06,1170.0,1185.0,1170.0,1185.0
2026-03-09,1195.5,1214.75,1178.75,1180.5
2026-03-10,1180.0,1191.25,1174.75,1187.25
2026-03-11,1202.75,1211.75,1200.5,1200.5
2026-03-12,1215.75,1223.25,1213.0,1213.0
2026-03-13,1200.25,1211.0,1200.25,1211.0
2026-03-16,1214.0,1214.0,1155.25,1155.25
2026-03-17,1147.0,1170.5,1145.25,1157.0
2026-03-18,1156.25,1165.25,1148.0,1161.75
2026-03-19,1165.0,1173.5,1157.0,1168.5
2026-03-20,1166.0,1176.0,1159.5,1161.25
2026-03-23,1160.0,1171.5,1152.5,1163.5
2026-03-24,1164.25,1166.75,1153.75,1155.0
2026-03-25,1153.5,1176.75,1151.5,1171.75
2026-03-26,1173.0,1179.75,1167.0,1173.75
2026-03-27,1172.0,1178.75,1155.75,1159.25
2026-03-30,1165.0,1170.0,1158.25,1159.75
2026-03-31,1159.0,1177.75,1156.0,1171.0
2026-04-01,1171.5,1174.75,1153.0,1168.5
2026-04-02,1167.25,1174.25,1162.0,1163.5
2026-04-06,1164.5,1169.75,1158.75,1166.75
2026-04-07,1164.75,1170.5,1155.25,1158.25
2026-04-08,1152.0,1163.0,1140.5,1162.0
2026-04-09,1162.0,1170.5,1159.75,1165.25
2026-04-10,1166.5,1179.25,1164.5,1175.75
2026-04-13,1177.0,1183.75,1160.0,1162.25
2026-04-14,1160.5,1168.5,1156.0,1158.0
2026-04-15,1156.75,1171.0,1156.75,1167.0
2026-04-16,1165.75,1170.0,1162.25,1163.75
2026-04-17,1162.75,1167.5,1151.5,1167.25
2026-04-20,1167.25,1171.75,1161.0,1165.75
2026-04-21,1165.5,1178.5,1165.0,1174.5
2026-04-22,1175.0,1184.75,1162.75,1164.5
2026-04-23,1165.0,1168.5,1157.5,1159.75
2026-04-24,1160.25,1164.25,1156.75,1163.75
2026-04-27,1162.0,1179.75,1162.0,1177.25
2026-04-28,1175.75,1177.75,1167.0,1173.0
2026-04-29,1173.25,1183.75,1171.0,1182.25
2026-04-30,1182.5,1190.0,1175.5,1182.0
2026-05-01,1179.75,1188.0,1178.75,1187.75
2026-05-04,1192.75,1210.75,1192.75,1207.5
2026-05-05,1215.25,1215.25,1194.5,1195.75
2026-05-06,1196.25,1196.25,1175.0,1179.0
2026-05-07,1176.0,1178.5,1167.5,1177.0
2026-05-08,1180.25,1194.5,1180.25,1194.25
2026-05-11,1197.0,1209.25,1197.0,1199.75
2026-05-12,1204.0,1213.5,1203.0,1213.5
2026-05-13,1213.75,1222.0,1209.5,1215.25
2026-05-14,1210.25,1210.25,1174.5,1174.5
2026-05-15,1193.75,1202.0,1172.25,1177.0
2026-05-18,1202.25,1218.5,1191.0,1213.0
2026-05-19,1213.0,1220.75,1208.0,1209.5
2026-05-20,1210.0,1212.0,1196.0,1199.75
2026-05-21,1199.0,1204.0,1191.0,1194.25
2026-05-22,1193.75,1201.5,1190.5,1196.5
2026-05-26,1192.0,1193.5,1184.5,1186.0
2026-05-27,1185.5,1191.25,1179.75,1185.25
2026-05-28,1186.0,1196.0,1185.0,1194.5
2026-05-29,1198.0,1200.75,1182.75,1186.75
2026-06-01,1186.75,1194.5,1177.75,1180.75
2026-06-02,1181.5,1182.75,1163.0,1165.25
2026-06-03,1167.5,1172.75,1152.5,1154.0
2026-06-04,1153.25,1155.25,1120.5,1129.5
2026-06-05,1130.25,1132.25,1117.5,1121.5
